ror,sector,lr,lroe,coki,qs,sir
0000fr117,Other,0,0,1,0,0
000466g76,Company,0,0,1,0,0
0004r6b85,Education,0,0,1,0,0
0004ysa08,Facility,0,0,1,0,0
0007cgk43,Company,0,0,1,0,0
0008zj958,Company,0,0,1,0,0
000aqgk72,Facility,0,0,1,0,0
000bxzc63,Government,0,0,1,0,1
000en4h24,Company,0,0,1,0,0
000evwg49,Education,0,0,1,0,0
000gm1k91,Company,0,0,1,0,0
000h6jb29,Government,0,0,1,0,1
000jewp25,Company,0,0,1,0,0
000jzpp78,Education,0,0,1,0,0
000m3hy37,Company,0,0,1,0,0
000p86k36,Facility,0,0,1,0,0
000ph9k36,Health,0,0,1,0,0
000q08p21,Company,0,0,1,0,0
000rdbk18,Facility,0,0,1,0,0
000t5z820,Company,0,0,1,0,0
000tetj79,Company,0,0,1,0,0
000tpgs13,Education,0,0,1,0,0
0010c1z81,Health,0,0,1,0,0
0013shd50,Company,0,0,1,0,0
00178eg98,Facility,0,0,1,0,0
001a7dw94,Non-Profit,0,0,1,0,0
001dd4s60,Company,0,0,1,0,0
001g2x261,Facility,0,0,1,0,0
001m0em47,Non-Profit,0,0,1,0,0
001qjw859,Other,0,0,1,0,0
001qnfn06,Facility,0,0,1,0,0
001rdaz60,Education,0,0,1,0,0
001rdde17,Education,0,0,1,0,0
001vjqx13,Education,0,0,1,0,0
001w7jn25,Health,0,0,1,0,1
001x5fb42,Health,0,0,1,0,0
001yqrb02,Education,0,0,1,0,0
001zbj766,Facility,0,0,1,0,0
0022e0327,Company,0,0,1,0,0
002827k23,Archive,0,0,1,0,0
002bjfj29,Health,0,0,1,0,0
002epp671,Facility,0,0,1,0,0
002hjb015,Health,0,0,1,0,0
002jq3415,Other,0,0,1,0,0
002n0by50,Health,0,0,1,0,0
002s65j03,Company,0,0,1,0,0
002td9r73,Company,0,0,1,0,0
0030f2a11,Health,0,0,1,0,1
003148c04,Facility,0,0,1,0,0
0031sqt67,Health,0,0,1,0,0
0035qnb68,Company,0,0,1,0,0
0039w6753,Company,0,0,1,0,0
003aw4c90,Facility,0,0,1,0,0
003c3rr61,Company,0,0,1,0,0
003g6b432,Government,0,0,1,0,0
003kk8e92,Facility,0,0,1,0,0
003kmcj19,Company,0,0,1,0,0
003r76697,Education,0,0,1,0,0
003sav189,Facility,0,0,1,0,0
003w8na57,Company,0,0,1,0,0
003x8h913,Company,0,0,1,0,0
003xvvt95,Facility,0,0,1,0,0
0041kxp69,Health,0,0,1,0,0
0044w3h23,Education,0,0,1,0,0
0046gcs23,Facility,0,0,1,0,0
0047j9t38,Facility,0,0,1,0,0
004aq9x60,Company,0,0,1,0,0
004b3k735,Company,0,0,1,0,0
004cmqw89,Health,0,0,1,0,0
004fa0x02,Non-Profit,0,0,1,0,0
004g36n56,Company,0,0,1,0,0
004h6mc53,Health,0,0,1,0,1
004hd5y14,Government,0,0,1,0,1
004n2nr09,Facility,0,0,1,0,0
004np0e76,Company,0,0,1,0,0
004nttc42,Facility,0,0,1,0,0
004pedq54,Health,0,0,1,0,0
004sfne89,Company,0,0,1,0,0
004zxvq64,Government,0,0,1,0,0
0050kdp78,Company,0,0,1,0,0
0050vmv35,Government,0,0,1,0,1
0053v9m13,Company,0,0,1,0,0
0054nhx50,Company,0,0,1,0,0
0059chz26,Company,0,0,1,0,0
0059k0c96,Health,0,0,1,0,0
005b83279,Company,0,0,1,0,0
005bk2339,Government,0,0,1,0,1
005ev0c40,Company,0,0,1,0,0
005j0cx32,Health,0,0,1,0,0
005k9c849,Education,0,0,1,0,0
005kw6t15,Companies,0,0,1,0,1
005ma5a25,Company,0,0,1,0,0
005p0t446,Non-Profit,0,0,1,0,0
005pfhc08,Facility,0,0,1,0,0
005xmsp39,Facility,0,0,1,0,0
005y23t65,Health,0,0,1,0,0
005zvr630,Facility,0,0,1,0,0
00613ak93,Universities,0,0,1,0,1
0061msm67,Archive,0,0,1,0,0
0061vr059,Facility,0,0,1,0,0
00681ts17,Facility,0,0,1,0,0
006c8a128,Health,0,0,1,0,0
006g31f33,Facility,0,0,1,0,0
006k2kk72,Health,0,0,1,0,1
006thab72,Universities,0,0,1,0,1
0070x6033,Health,0,0,1,0,0
00717c553,Education,0,0,1,0,0
0071tdq26,Health,0,0,1,0,0
007416t51,Company,0,0,1,0,0
0074y3h33,Company,0,0,1,0,0
0076zct58,Education,0,0,1,0,0
007857862,Company,0,0,1,0,0
0079jjr10,Government,0,0,1,0,1
007bdrf88,Government,0,0,1,0,0
007bw6q41,Education,0,0,1,0,0
007emtd94,Company,0,0,1,0,0
007gt1a87,Health,0,0,1,0,0
007hw6r71,Archive,0,0,1,0,0
007tnc411,Company,0,0,1,0,0
007y22n43,Health,0,0,1,0,0
007zn4n28,Company,0,0,1,0,0
007ztdc30,Health,0,0,1,0,0
0080y7t67,Education,0,0,1,0,0
0083ncs46,Government,0,0,1,0,1
0084rd854,Other,0,0,1,0,0
0084vrs13,Company,0,0,1,0,0
0086b8v72,Facility,0,0,1,0,0
0086bb350,Facility,0,0,1,0,0
0086w0z14,Facility,0,0,1,0,0
0087djs12,Government,0,0,1,0,1
0089t7988,Other,0,0,1,0,0
008adck89,Company,0,0,1,0,0
008c2qm47,Government,0,0,1,0,0
008cac740,Health,0,0,1,0,0
008cpgt80,Company,0,0,1,0,0
008htsm20,Health,0,0,1,0,0
008n8dd57,Government,0,0,1,0,1
008pp7a77,Non-Profit,0,0,1,0,0
008pyjt05,Facility,0,0,1,0,0
008qpg558,Non-Profit,0,0,1,0,0
008vra347,Health,0,0,1,0,0
008wrw613,Government,0,0,1,0,0
008xb1b94,Health,0,0,1,0,0
0092mfq48,Facility,0,0,1,0,0
0093ddg91,Government,0,0,1,0,0
0095xwr23,Government,0,0,1,0,1
0098syn68,Facility,0,0,1,0,0
00996c044,Education,0,0,1,0,0
0099s2a30,Other,0,0,1,0,0
009aftg61,Other,0,0,1,0,0
009dxjw45,Education,0,0,1,0,0
009ggvy85,Other,0,0,1,0,0
009gj6k64,Health,0,0,1,0,0
009j5xv46,Non-Profit,0,0,1,0,0
009nhnc47,Health,0,0,1,0,0
009xejr53,Health,0,0,1,0,0
00a0bqh48,Health,0,0,1,0,0
00a0w0523,Education,0,0,1,0,0
00a1cc659,Health,0,0,1,0,0
00a208s56,Universities,1,1,1,0,1
00a6rw165,Government,0,0,1,0,1
00a7n7g54,Archive,0,0,1,0,0
00a7vgh58,Government,0,0,1,0,1
00a7y2r22,Archive,0,0,1,0,0
00abnnq69,Company,0,0,1,0,0
00adthh60,Health,0,0,1,0,0
00agtat91,Health,0,0,1,0,0
00ahbw052,Non-Profit,0,0,1,0,0
00ahg0572,Company,0,0,1,0,0
00ajckn66,Government,0,0,1,0,1
00akjja53,Company,0,0,1,0,0
00ansy136,Company,0,0,1,0,0
00b06cz11,Health,0,0,1,0,0
00b1c9541,Universities,1,1,1,1,1
00b65kj58,Company,0,0,1,0,0
00b6j6x40,Education,0,0,1,0,0
00b7zsw47,Health,0,0,1,0,0
00b9ktm87,Company,0,0,1,0,0
00ba8tz47,Company,0,0,1,0,0
00bcept67,Company,0,0,1,0,0
00bd6zx59,Other,0,0,1,0,0
00bda6055,Company,0,0,1,0,0
00besvm65,Company,0,0,1,0,0
00bj0r217,Facility,0,0,1,0,0
00bkxry42,Facility,0,0,1,0,0
00bpta863,Facility,0,0,1,0,0
00bv4cx53,Archive,0,0,1,0,0
00bvdsg05,Health,0,0,1,0,0
00bwfj843,Education,0,0,1,0,0
00bxsm637,Company,0,0,1,0,0
00bypm595,Facility,0,0,1,0,0
00c5mwp75,Company,0,0,1,0,0
00cd95c65,Other,0,0,1,0,0
00cfam450,Government,0,0,1,0,1
00cknwj02,Company,0,0,1,0,0
00ckx8y08,Company,0,0,1,0,0
00csq2k70,Facility,0,0,1,0,0
00d0v0049,Facility,0,0,1,0,0
00d9ep044,Company,0,0,1,0,0
00daeq584,Company,0,0,1,0,0
00dawnv76,Health,0,0,1,0,0
00dfbms98,Education,0,0,1,0,0
00dgkkx07,Company,0,0,1,0,0
00dkszm12,Company,0,0,1,0,0
00dmed338,Company,0,0,1,0,0
00dq07t65,Other,0,0,1,0,0
00dr70705,Health,0,0,1,0,0
00dvqrz49,Health,0,0,1,0,0
00dy6h529,Health,0,0,1,0,0
00e03sj10,Health,0,0,1,0,0
00e0ttj68,Government,0,0,1,0,0
00e2m4m53,Facility,0,0,1,0,0
00e3ns026,Government,0,0,1,0,0
00e4bwe12,Government,0,0,1,0,1
00e8f1a50,Education,0,0,1,0,0
00e9neb15,Company,0,0,1,0,0
00ecchs44,Facility,0,0,1,0,0
00ed5g627,Facility,0,0,1,0,0
00edvg943,Education,0,0,1,0,0
00eefy724,Government,0,0,1,0,0
00ef78t34,Company,0,0,1,0,0
00eh6xk55,Health,0,0,1,0,0
00eq41n87,Other,0,0,1,0,0
00eqgtd35,Company,0,0,1,0,0
00esbf302,Health,0,0,1,0,0
00etypk41,Company,0,0,1,0,0
00ew7rg06,Company,0,0,1,0,0
00ew91p29,Other,0,0,1,0,0
00ey8ew03,Company,0,0,1,0,0
00ez2he07,Government,0,0,1,0,1
00f180m78,Health,0,0,1,0,0
00f2wje32,Education,0,0,1,0,0
00f2yqf98,Universities,1,1,1,1,1
00f362y94,Facility,0,0,1,0,0
00f3sc705,Non-Profit,0,0,1,0,0
00f5q5839,Education,0,0,1,0,0
00f7hpc57,Universities,1,1,1,1,1
00f7ytv44,Education,0,0,1,0,0
00fbnyb24,Universities,1,1,1,1,1
00ffe3313,Non-Profit,0,0,1,0,0
00fkqwx76,Universities,0,0,1,0,1
00fpw9a48,Company,0,0,1,0,0
00fpwd955,Government,0,0,1,0,0
00ftx0026,Education,0,0,1,0,0
00fwv2w85,Company,0,0,1,0,0
00fy7kr67,Facility,0,0,1,0,0
00g01gj95,Health,0,0,1,0,0
00g07sz63,Education,0,0,1,0,0
00g30e956,Universities,1,1,1,1,1
00g3t5227,Company,0,0,1,0,0
00g63xj11,Health,0,0,1,0,0
00g656d67,Government,0,0,1,0,1
00g702m33,Company,0,0,1,0,0
00g8ww875,Facility,0,0,1,0,0
00g9je304,Company,0,0,1,0,0
00gfym921,Health,0,0,1,0,0
00ggpsq73,Universities,1,1,1,0,1
00ghc0f97,Facility,0,0,1,0,0
00gj8pr18,Health,0,0,1,0,0
00gm0aw40,Education,0,0,1,0,0
00gt16g40,Facility,0,0,1,0,0
00gw6fh23,Health,0,0,1,0,0
00gytzf17,Company,0,0,1,0,0
00gzkxz88,Education,0,0,1,0,0
00h03ws35,Company,0,0,1,0,0
00h1x4t21,Government,0,0,1,0,1
00h4bkt10,Company,0,0,1,0,0
00h539j16,Facility,0,0,1,0,0
00ha4p191,Health,0,0,1,0,0
00hdhxd58,Other,0,0,1,0,0
00hgq7r66,Company,0,0,1,0,0
00hpwje09,Health,0,0,1,0,0
00hvwkt50,Facility,0,0,1,0,0
00hxj5n33,Non-Profit,0,0,1,0,0
00hyd8090,Facility,0,0,1,0,0
00j0wh784,Company,0,0,1,0,0
00j0xy635,Government,0,0,1,0,0
00j4h9q86,Company,0,0,1,0,0
00j5nrv77,Company,0,0,1,0,0
00j5we857,Facility,0,0,1,0,0
00j6pqx59,Government,0,0,1,0,0
00j9xkc07,Education,0,0,1,0,0
00jbwpt44,Education,0,0,1,0,0
00jjh0n63,Facility,0,0,1,0,0
00jp3t114,Health,0,0,1,0,0
00jpm8e16,Company,0,0,1,0,0
00jpzvz45,Facility,0,0,1,0,0
00js75b59,Government,0,0,1,0,1
00jshg714,Health,0,0,1,0,0
00jw3g525,Education,0,0,1,0,0
00k01hv15,Health,0,0,1,0,0
00k4h2615,Facility,0,0,1,0,0
00k5ek978,Company,0,0,1,0,0
00k62pe27,Education,0,0,1,0,0
00kbwx014,Other,0,0,1,0,0
00ke1nc44,Non-Profit,0,0,1,0,0
00kgeb982,Non-Profit,0,0,1,0,0
00khe8x73,Company,0,0,1,0,0
00kjw1h22,Company,0,0,1,0,0
00kkpv737,Facility,0,0,1,0,0
00kpegb17,Health,0,0,1,0,0
00kt9hm47,Company,0,0,1,0,0
00ktc0f44,Company,0,0,1,0,0
00kvk1853,Other,0,0,1,0,0
00m0j3d84,Company,0,0,1,0,0
00m2x0g47,Company,0,0,1,0,0
00m8prc86,Companies,0,0,1,0,1
00m8w3m39,Company,0,0,1,0,0
00ma6s786,Health,0,0,1,0,0
00mbc1g87,Other,0,0,1,0,0
00mcmme34,Other,0,0,1,0,0
00me29179,Facility,0,0,1,0,0
00mr84n67,Government,0,0,1,0,0
00mx91s63,Universities,0,0,1,0,1
00mynyp54,Other,0,0,1,0,0
00mznnx78,Health,0,0,1,0,0
00n8pjn35,Government,0,0,1,0,0
00nc2d154,Company,0,0,1,0,0
00nc8dt74,Company,0,0,1,0,0
00ne0z119,Company,0,0,1,0,0
00nggaz43,Education,0,0,1,0,0
00nj8ry09,Facility,0,0,1,0,0
00nkf9b38,Health,0,0,1,0,0
00nkkkz19,Company,0,0,1,0,0
00nm1ws09,Education,0,0,1,0,0
00nmgny79,Government,0,0,1,0,0
00nrggp23,Health,0,0,1,0,0
00ns93f55,Facility,0,0,1,0,0
00nvxt968,Health,0,0,1,0,1
00nxdn656,Archive,0,0,1,0,0
00nypd214,Other,0,0,1,0,0
00p1s4075,Facility,0,0,1,0,0
00p3ce068,Facility,0,0,1,0,0
00p41ea31,Other,0,0,1,0,0
00p9kb710,Company,0,0,1,0,0
00pbgsg09,Health,0,0,1,0,0
00pd74e08,Universities,1,1,1,1,1
00pgdk225,Other,0,0,1,0,0
00pjgxh97,Health,0,0,1,0,1
00pm7rm97,Company,0,0,1,0,0
00pp1p071,Company,0,0,1,0,0
00pv45a02,Universities,0,0,1,0,1
00pwcvj19,Archive,0,0,1,0,0
00pwgnh47,Government,0,0,1,0,1
00px80p03,Government,0,0,1,0,1
00pz61m54,Health,0,0,1,0,0
00pz6pe93,Health,0,0,1,0,0
00pz7qc35,Health,0,0,1,0,0
00q08t645,Other,0,0,1,0,0
00q0pf015,Health,0,0,1,0,0
00q1fsf04,Health,0,0,1,0,1
00q236z92,Health,0,0,1,0,0
00q32j219,Companies,0,0,1,0,1
00q5t0010,Facility,0,0,1,0,0
00q644y50,Universities,0,0,1,0,1
00q6ynx29,Non-Profit,0,0,1,0,0
00q7z2571,Facility,0,0,1,0,0
00q87b836,Company,0,0,1,0,0
00qakfc35,Education,0,0,1,0,0
00qay8a95,Health,0,0,1,0,0
00qcpjs09,Health,0,0,1,0,0
00qffz908,Government,0,0,1,0,0
00qhe6a56,Company,0,0,1,0,0
00qkegp41,Health,0,0,1,0,0
00qmxzb41,Company,0,0,1,0,0
00qqw1b44,Health,0,0,1,0,0
00r1edq15,Universities,1,1,1,0,1
00r1wdc11,Facility,0,0,1,0,0
00r2eaj81,Health,0,0,1,0,0
00r68rb43,Company,0,0,1,0,0
00rbe9q66,Company,0,0,1,0,0
00rcxh774,Universities,1,1,1,1,1
00rdva175,Government,0,0,1,0,0
00reds669,Health,0,0,1,0,0
00rgfaj93,Company,0,0,1,0,0
00rp38085,Company,0,0,1,0,0
00rv22c87,Facility,0,0,1,0,0
00rwpbm87,Health,0,0,1,0,0
00rz5wn10,Non-Profit,0,0,1,0,0
00s1ckt27,Education,0,0,1,0,0
00s21eg45,Government,0,0,1,0,0
00s21wr35,Company,0,0,1,0,0
00s425b94,Company,0,0,1,0,0
00s4rmz74,Education,0,0,1,0,0
00s5yp124,Facility,0,0,1,0,0
00s64g989,Health,0,0,1,0,0
00s89aq18,Other,0,0,1,0,0
00s8c9279,Health,0,0,1,0,0
00sb7hc59,Government,0,0,1,0,1
00sh68184,Companies,0,0,1,0,1
00shv0x82,Government,0,0,1,0,1
00smdp487,Company,0,0,1,0,0
00sngv739,Facility,0,0,1,0,0
00sq9j129,Other,0,0,1,0,0
00ssdzp21,Company,0,0,1,0,0
00stexf29,Company,0,0,1,0,0
00syyqa87,Health,0,0,1,0,0
00t0rcy29,Government,0,0,1,0,1
00t3r8h32,Universities,1,1,1,0,1
00t52h563,Company,0,0,1,0,0
00t9ms296,Company,0,0,1,0,0
00td4wt22,Facility,0,0,1,0,0
00td6v066,Health,0,0,1,0,0
00tea5y39,Facility,0,0,1,0,0
00tq6rn55,Health,0,0,1,0,0
00trw9c49,Facility,0,0,1,0,0
00ts92x19,Health,0,0,1,0,0
00tvmqw18,Company,0,0,1,0,0
00txhpa83,Education,0,0,1,0,0
00tzrs836,Company,0,0,1,0,0
00v1nkq94,Government,0,0,1,0,0
00v2d0427,Health,0,0,1,0,0
00v34f693,Facility,0,0,1,0,0
00v8tjj64,Archive,0,0,1,0,0
00v9sab02,Company,0,0,1,0,0
00vawn972,Non-Profit,0,0,1,0,0
00vd2h880,Education,0,0,1,0,0
00vgt4p82,Company,0,0,1,0,0
00vjd4k74,Education,0,0,1,0,0
00vkbtf98,Education,0,0,1,0,0
00vppgp96,Health,0,0,1,0,0
00vr94b03,Health,0,0,1,0,0
00vsbee25,Health,0,0,1,0,0
00vxe3x87,Facility,0,0,1,0,0
00w4csr50,Facility,0,0,1,0,0
00w53fs94,Facility,0,0,1,0,0
00w6s5b11,Non-Profit,0,0,1,0,0
00w7whj55,Education,0,0,1,0,0
00we5be91,Facility,0,0,1,0,0
00wf3sn74,Government,0,0,1,0,0
00wk05f95,Other,0,0,1,0,0
00wk3qr85,Company,0,0,1,0,0
00wqjrk21,Facility,0,0,1,0,0
00wvsjr52,Company,0,0,1,0,0
00wvvcy92,Government,0,0,1,0,0
00wxjqb77,Health,0,0,1,0,0
00wz4b049,Archive,0,0,1,0,0
00x1td960,Health,0,0,1,0,0
00x67g916,Education,0,0,1,0,0
00x67m532,Education,0,0,1,0,0
00xb58j90,Other,0,0,1,0,0
00xdvw685,Education,0,0,1,0,0
00xfdbb04,Company,0,0,1,0,0
00xgd4p18,Company,0,0,1,0,0
00xgdcy02,Health,0,0,1,0,0
00xmqmx64,Non-Profit,0,0,1,0,0
00xn1pr13,Facility,0,0,1,0,0
00xv9sn23,Health,0,0,1,0,0
00y61e316,Non-Profit,0,0,1,0,0
00y718461,Facility,0,0,1,0,0
00y9hdv35,Health,0,0,1,0,0
00ya5c561,Government,0,0,1,0,0
00ygfxx68,Facility,0,0,1,0,0
00ygt2y02,Facility,0,0,1,0,0
00ynxc274,Company,0,0,1,0,0
00ynyd598,Company,0,0,1,0,0
00yq55g44,Universities,0,0,1,0,1
00yssnc44,Government,0,0,1,0,1
00yv11a49,Government,0,0,1,0,0
00yvfbm89,Education,0,0,1,0,0
00yx29a03,Education,0,0,1,0,0
00yzwtk60,Other,0,0,1,0,0
00z59w514,Facility,0,0,1,0,0
00z7dje19,Facility,0,0,1,0,0
00z8zhe66,Facility,0,0,1,0,0
00z9cn431,Education,0,0,1,0,0
00zayq578,Education,0,0,1,0,0
00zfe1b87,Health,0,0,1,0,0
00zrx8c87,Company,0,0,1,0,0
00zw8r556,Company,0,0,1,0,0
00zy16k74,Facility,0,0,1,0,0
01006t419,Company,0,0,1,0,0
0100f3q33,Company,0,0,1,0,0
0101mv631,Health,0,0,1,0,0
0102jy333,Company,0,0,1,0,0
0108txz43,Company,0,0,1,0,0
0109ptn93,Company,0,0,1,0,0
010b6ag76,Facility,0,0,1,0,0
010c9nr19,Company,0,0,1,0,0
010e6tc72,Company,0,0,1,0,0
010fzp376,Company,0,0,1,0,0
010mck520,Health,0,0,1,0,0
010nsgg66,Universities,1,1,1,1,1
010p50m34,Government,0,0,1,0,0
010qsnr58,Company,0,0,1,0,0
010qwhr53,Health,0,0,1,0,0
010s54n03,Government,0,0,1,0,1
010t6g940,Company,0,0,1,0,0
010vbsn33,Facility,0,0,1,0,0
010wkny21,Government,0,0,1,0,1
010x76r82,Company,0,0,1,0,0
01108tk20,Non-Profit,0,0,1,0,0
01169zb17,Company,0,0,1,0,0
0117jxy09,Company,0,0,1,0,0
011fhys37,Company,0,0,1,0,0
011jhfp96,Health,0,0,1,0,0
011nxrw51,Company,0,0,1,0,0
011pcrd91,Company,0,0,1,0,0
011s5nh14,Facility,0,0,1,0,0
011ts7939,Other,0,0,1,0,0
011x7hd11,Health,0,0,1,0,0
011zjcv36,Health,0,0,1,0,0
0120amd78,Non-Profit,0,0,1,0,0
01226dv09,Health,0,0,1,0,1
01243c877,Facility,0,0,1,0,0
0124s1j61,Health,0,0,1,0,0
0125csy75,Health,0,0,1,0,0
0125nre22,Health,0,0,1,0,0
0125qer46,Non-Profit,0,0,1,0,0
0127fwn18,Facility,0,0,1,0,0
012k1v959,Universities,0,0,1,0,1
012kf4317,Non-Profit,0,0,1,0,0
012kqkf58,Non-Profit,0,0,1,0,1
012m9bp23,Education,0,0,1,0,0
012xv2c39,Health,0,0,1,0,0
0130ebz28,Company,0,0,1,0,0
0131dra29,Facility,0,0,1,0,0
0131hr478,Company,0,0,1,0,0
0135n9613,Company,0,0,1,0,0
0137nq929,Health,0,0,1,0,0
0137q5a72,Health,0,0,1,0,0
013ambk20,Company,0,0,1,0,0
013c0df84,Non-Profit,0,0,1,0,0
013czdx64,Health,0,0,1,0,1
013g3g638,Company,0,0,1,0,0
013gjg633,Company,0,0,1,0,0
013hy3379,Company,0,0,1,0,0
013k5zx16,Government,0,0,1,0,0
013km0e25,Non-Profit,0,0,1,0,0
013ne8p22,Health,0,0,1,0,0
013tmk464,Health,0,0,1,0,0
013wyvt46,Non-Profit,0,0,1,0,0
013z6ae41,Non-Profit,0,0,1,0,0
0140bnh63,Company,0,0,1,0,0
014743444,Facility,0,0,1,0,0
0149pv473,Facility,0,0,1,0,0
014cg2q58,Company,0,0,1,0,0
014cnmj57,Education,0,0,1,0,0
014nnvj65,Universities,0,0,1,0,1
014rfma52,Company,0,0,1,0,0
014vqnj59,Health,0,0,1,0,0
014x8q810,Non-Profit,0,0,1,0,0
014zc6253,Facility,0,0,1,0,0
0151s7v18,Company,0,0,1,0,0
01526pb12,Government,0,0,1,0,0
01545pc85,Health,0,0,1,0,0
01599c412,Archive,0,0,1,0,0
015a98c38,Education,0,0,1,0,0
015ad1e56,Other,0,0,1,0,0
015c8af10,Company,0,0,1,0,0
015cbgt79,Facility,0,0,1,0,0
015e70897,Facility,0,0,1,0,0
015ktc526,Non-Profit,0,0,1,0,0
015qjqf64,Universities,1,1,1,0,1
015t3ef28,Facility,0,0,1,0,0
015thzh02,Facility,0,0,1,0,0
015wgw417,Other,0,0,1,0,0
015x9tq79,Other,0,0,1,0,0
015z19759,Company,0,0,1,0,0
0162saw54,Health,0,0,1,0,0
0163bsq78,Facility,0,0,1,0,0
0163xqp73,Non-Profit,0,0,1,0,0
01647vc39,Company,0,0,1,0,0
0165gz615,Facility,0,0,1,0,0
0165r2y73,Government,0,0,1,0,1
016604a03,Universities,0,0,1,0,1
016731f38,Company,0,0,1,0,0
0167rnj42,Education,0,0,1,0,0
0169che65,Health,0,0,1,0,0
016a8y628,Company,0,0,1,0,0
016j3vn58,Health,0,0,1,0,0
016k2xj91,Company,0,0,1,0,0
016k72860,Company,0,0,1,0,0
016tmz810,Non-Profit,0,0,1,0,0
016xad343,Archive,0,0,1,0,0
016zq4f37,Education,0,0,1,0,0
0171m6n33,Government,0,0,1,0,0
017bbsh25,Education,0,0,1,0,0
017jr1555,Other,0,0,1,0,0
017qcv467,Government,0,0,1,0,1
017qypp02,Company,0,0,1,0,0
017sx9325,Company,0,0,1,0,0
017vgxg86,Company,0,0,1,0,0
01813aq51,Company,0,0,1,0,0
0184f7469,Health,0,0,1,0,0
0184gbk60,Other,0,0,1,0,0
01856cw59,Health,0,0,1,0,1
0186h8060,Government,0,0,1,0,1
0187fh156,Health,0,0,1,0,0
018959f85,Non-Profit,0,0,1,0,0
0189mfq62,Company,0,0,1,0,0
0189raq88,Universities,0,0,1,0,1
018afyw53,Government,0,0,1,0,1
018g01631,Health,0,0,1,0,0
018gc9r78,Health,0,0,1,0,0
018mejw64,Funder,0,0,1,0,0
018qbmv38,Company,0,0,1,0,0
018qep702,Company,0,0,1,0,0
018qv1e85,Company,0,0,1,0,0
018w9fc90,Company,0,0,1,0,0
018wm0v91,Company,0,0,1,0,0
0196d3y13,Other,0,0,1,0,0
0199g0r92,Facility,0,0,1,0,0
019a9a780,Health,0,0,1,0,0
019b9yp12,Non-Profit,0,0,1,0,0
019ca7044,Health,0,0,1,0,0
019hjw009,Government,0,0,1,0,1
019hph417,Facility,0,0,1,0,0
019jjbt65,Health,0,0,1,0,0
019tbwb44,Company,0,0,1,0,0
019tkx431,Company,0,0,1,0,0
019v04n80,Health,0,0,1,0,0
019w00969,Government,0,0,1,0,1
019wfwn56,Company,0,0,1,0,0
019wssg97,Company,0,0,1,0,0
019wxyf39,Health,0,0,1,0,0
01a2z2x66,Education,0,0,1,0,0
01a62v145,Facility,0,0,1,0,0
01a7n9s35,Company,0,0,1,0,0
01a8nnm19,Company,0,0,1,0,0
01aa1sn70,Health,0,0,1,0,0
01abhxy31,Company,0,0,1,0,0
01af4em40,Company,0,0,1,0,0
01agh0847,Funder,0,0,1,0,0
01ah9ym33,Health,0,0,1,0,0
01ak24c12,Government,0,0,1,0,1
01amarv06,Other,0,0,1,0,0
01amp2a31,Government,0,0,1,0,1
01anv7k29,Health,0,0,1,0,0
01ap05s72,Health,0,0,1,0,0
01apday90,Company,0,0,1,0,0
01arv1h94,Health,0,0,1,0,0
01awb6242,Health,0,0,1,0,0
01axmbr32,Other,0,0,1,0,0
01ayc5b57,Government,0,0,1,0,1
01ayxmp98,Health,0,0,1,0,0
01b2pxy75,Facility,0,0,1,0,0
01b3ygz78,Facility,0,0,1,0,0
01b44s469,Company,0,0,1,0,0
01b4gqk18,Health,0,0,1,0,0
01b9t8b35,Company,0,0,1,0,0
01bb7mj11,Health,0,0,1,0,0
01bc76c69,Education,0,0,1,0,0
01bdmd194,Health,0,0,1,0,0
01be19w37,Health,0,0,1,0,0
01bf9rw71,Government,0,0,1,0,1
01bk10867,Education,0,0,1,0,0
01bkg3b56,Company,0,0,1,0,0
01bm7kk08,Other,0,0,1,0,0
01bnjyq25,Non-Profit,0,0,1,0,0
01brm2x11,Non-Profit,0,0,1,0,0
01bss2h67,Company,0,0,1,0,0
01bvfdq42,Company,0,0,1,0,0
01bwma613,Education,0,0,1,0,0
01bx1ra43,Other,0,0,1,0,0
01bynsf44,Other,0,0,1,0,0
01c0m1t63,Universities,0,0,1,0,1
01c0x3431,Company,0,0,1,0,0
01c127k53,Health,0,0,1,0,0
01c1w6d29,Universities,0,0,1,0,1
01c3m4791,Company,0,0,1,0,0
01c3zvj45,Company,0,0,1,0,0
01c997669,Government,0,0,1,0,1
01ccgqb68,Health,0,0,1,0,0
01ccttc97,Facility,0,0,1,0,0
01cebzr82,Company,0,0,1,0,0
01cmhh462,Other,0,0,1,0,0
01cn8y823,Government,0,0,1,0,0
01crqqh49,Education,0,0,1,0,0
01d14z762,Health,0,0,1,0,0
01d16dr57,Non-Profit,0,0,1,0,0
01d20y590,Facility,0,0,1,0,0
01d2xqw69,Facility,0,0,1,0,0
01d30w739,Education,0,0,1,0,0
01d5ccc15,Archive,0,0,1,0,0
01dc7nx94,Health,0,0,1,0,0
01ddazc14,Health,0,0,1,0,0
01de6vt88,Company,0,0,1,0,0
01dfmc653,Health,0,0,1,0,0
01dgzjt17,Health,0,0,1,0,0
01dt8cc51,Facility,0,0,1,0,0
01dwpbz64,Facility,0,0,1,0,0
01ec7fw73,Health,0,0,1,0,0
01eezs655,Universities,1,1,1,1,1
01eggt963,Health,0,0,1,0,0
01ej30k87,Other,0,0,1,0,0
01ep0vp31,Company,0,0,1,0,0
01evwfd48,Health,0,0,1,0,1
01ex7e298,Other,0,0,1,0,0
01ezw9n40,Health,0,0,1,0,0
01f2jad04,Company,0,0,1,0,0
01f30wv40,Other,0,0,1,0,0
01f3bhg26,Companies,0,0,1,0,1
01f5b8367,Education,0,0,1,0,0
01f7bcy98,Non-Profit,0,0,1,0,1
01fbde567,Government,0,0,1,0,1
01fc2rf40,Company,0,0,1,0,0
01fcbp662,Non-Profit,0,0,1,0,0
01fe0jt45,Companies,0,0,1,0,1
01fgmnw14,Health,0,0,1,0,0
01fgwy751,Other,0,0,1,0,0
01fn48q65,Facility,0,0,1,0,0
01ftjhs10,Company,0,0,1,0,0
01fx4ky02,Company,0,0,1,0,0
01fzsd381,Education,0,0,1,0,0
01g571893,Company,0,0,1,0,0
01gamcy45,Company,0,0,1,0,0
01gdx5384,Company,0,0,1,0,0
01ge5zt06,Education,0,0,1,0,0
01ghqfw43,Company,0,0,1,0,0
01gk2j051,Company,0,0,1,0,0
01gkym270,Non-Profit,0,0,1,0,0
01gm0md04,Education,0,0,1,0,0
01gq10q51,Education,0,0,1,0,0
01grm4y17,Government,0,0,1,0,0
01gymhc20,Company,0,0,1,0,0
01h21cs69,Company,0,0,1,0,0
01h2vtb84,Facility,0,0,1,0,0
01h7vw195,Education,0,0,1,0,0
01h98yw98,Company,0,0,1,0,0
01hcx6992,Universities,1,1,1,1,1
01hd27x96,Other,0,0,1,0,0
01hfye903,Company,0,0,1,0,0
01hhn8329,Government,0,0,1,0,1
01hkc4630,Education,0,0,1,0,0
01hmams76,Health,0,0,1,0,0
01hmrqc81,Non-Profit,0,0,1,0,0
01hnv8x68,Facility,0,0,1,0,0
01hpg6340,Health,0,0,1,0,0
01hqp1g48,Education,0,0,1,0,0
01hsw0492,Non-Profit,0,0,1,0,0
01hv3m305,Company,0,0,1,0,0
01hwhm419,Education,0,0,1,0,0
01hwrdv70,Company,0,0,1,0,0
01hynnt93,Government,0,0,1,0,1
01hzc1b78,Other,0,0,1,0,0
01j2dwr66,Education,0,0,1,0,0
01j4vgr28,Company,0,0,1,0,0
01j780996,Health,0,0,1,0,0
01j7kyf72,Other,0,0,1,0,0
01j811c15,Other,0,0,1,0,0
01j818n92,Facility,0,0,1,0,0
01j8qgg43,Non-Profit,0,0,1,0,0
01j9f6752,Education,0,0,1,0,0
01j9kqj67,Facility,0,0,1,0,0
01jdpyv68,Universities,1,1,1,1,1
01jk11645,Non-Profit,0,0,1,0,0
01js2sh04,Government,0,0,1,0,1
01js9jv94,Education,0,0,1,0,0
01jty7g66,Government,0,0,1,0,1
01jy3gh06,Facility,0,0,1,0,0
01k1p1v52,Health,0,0,1,0,0
01k5h5v15,Education,0,0,1,0,0
01k5qnb77,Government,0,0,1,0,1
01k6z4z19,Facility,0,0,1,0,0
01k8fm112,Education,0,0,1,0,0
01k97gp34,Universities,1,1,1,1,1
01k9hhd91,Company,0,0,1,0,0
01kdxra28,Education,0,0,1,0,0
01kf4j136,Company,0,0,1,0,0
01kg37d11,Company,0,0,1,0,0
01kgmpa94,Non-Profit,0,0,1,0,0
01kh6gx25,Non-Profit,0,0,1,0,0
01kjfnp05,Non-Profit,0,0,1,0,0
01kkgy069,Health,0,0,1,0,0
01kkj4786,Health,0,0,1,0,0
01kratx56,Government,0,0,1,0,0
01ksbcg70,Company,0,0,1,0,0
01m5mwt22,Health,0,0,1,0,0
01m693m08,Company,0,0,1,0,0
01mjy0s49,Facility,0,0,1,0,0
01mk1hj86,Facility,0,0,1,0,0
01mmady97,Health,0,0,1,0,1
01mp0e364,Facility,0,0,1,0,0
01mrh1227,Company,0,0,1,0,0
01ms42351,Company,0,0,1,0,0
01msdga41,Company,0,0,1,0,0
01mvrj242,Facility,0,0,1,0,0
01mvxm016,Company,0,0,1,0,0
01mw2b749,Company,0,0,1,0,0
01mxnn839,Health,0,0,1,0,0
01mzk5576,Government,0,0,1,0,1
01n42m123,Company,0,0,1,0,0
01n54ed02,Company,0,0,1,0,0
01n6mms53,Archive,0,0,1,0,0
01n6r0e97,Government,0,0,1,0,1
01n78v775,Non-Profit,0,0,1,0,0
01n7gem85,Archive,0,0,1,0,0
01n8ggb71,Non-Profit,0,0,1,0,0
01n8j6z65,Government,0,0,1,0,0
01nbps758,Education,0,0,1,0,0
01ne3xe80,Non-Profit,0,0,1,0,0
01nftxb06,Government,0,0,1,0,1
01ngpvg12,Government,0,0,1,0,1
01nh64743,Facility,0,0,1,0,0
01nmh8776,Facility,0,0,1,0,0
01nqmht92,Facility,0,0,1,0,0
01nqn2b57,Company,0,0,1,0,0
01nvz9x61,Company,0,0,1,0,0
01nwbp351,Health,0,0,1,0,0
01nxbg690,Company,0,0,1,0,0
01nxxp011,Health,0,0,1,0,0
01p0ze617,Health,0,0,1,0,0
01p35qm90,Health,0,0,1,0,0
01p35xr84,Company,0,0,1,0,0
01p3zwg66,Company,0,0,1,0,0
01p51xv55,Health,0,0,1,0,0
01pjwgv56,Company,0,0,1,0,0
01pmvz131,Company,0,0,1,0,0
01pndgw26,Health,0,0,1,0,0
01pq15308,Non-Profit,0,0,1,0,0
01pqen061,Other,0,0,1,0,0
01prj4323,Health,0,0,1,0,0
01prjcc04,Education,0,0,1,0,0
01ptvbz51,Health,0,0,1,0,0
01pv48e96,Health,0,0,1,0,0
01pxkj057,Education,0,0,1,0,0
01q1dy966,Company,0,0,1,0,0
01q1tcv22,Non-Profit,0,0,1,0,0
01q4pmw61,Other,0,0,1,0,0
01q6zce06,Government,0,0,1,0,0
01q8f6705,Companies,0,0,1,0,1
01qe7ag50,Company,0,0,1,0,0
01qecd649,Facility,0,0,1,0,0
01qgd7x17,Other,0,0,1,0,0
01qhj1g70,Company,0,0,1,0,0
01qjbb734,Education,0,0,1,0,0
01qmw3j63,Company,0,0,1,0,0
01qq34m02,Government,0,0,1,0,0
01qrts582,Universities,1,1,1,0,1
01qtasp15,Government,0,0,1,0,1
01qve8440,Education,0,0,1,0,0
01qymej67,Facility,0,0,1,0,0
01r2apt44,Company,0,0,1,0,0
01r4sa504,Facility,0,0,1,0,0
01r70sq06,Facility,0,0,1,0,0
01r8nn991,Company,0,0,1,0,0
01r8xsy94,Education,0,0,1,0,0
01rd9jd59,Facility,0,0,1,0,0
01rdrb571,Universities,1,1,1,1,1
01rfnc002,Education,0,0,1,0,0
01rfvvq43,Company,0,0,1,0,0
01rfxdq93,Health,0,0,1,0,0
01rhrdz17,Company,0,0,1,0,0
01rk2ws36,Company,0,0,1,0,0
01rkqb281,Other,0,0,1,0,0
01rt1dv70,Company,0,0,1,0,0
01rvqha10,Government,0,0,1,0,1
01ry0d141,Company,0,0,1,0,0
01s0fdm87,Health,0,0,1,0,0
01s0p2f24,Other,0,0,1,0,0
01s1h3j07,Government,0,0,1,0,1
01s2j5a22,Company,0,0,1,0,0
01s3w8y48,Health,0,0,1,0,0
01s3wfa18,Health,0,0,1,0,0
01s578f14,Facility,0,0,1,0,0
01s5g3b18,Facility,0,0,1,0,0
01sd0e661,Company,0,0,1,0,0
01sfgr903,Company,0,0,1,0,0
01sm4s887,Government,0,0,1,0,0
01spkt797,Other,0,0,1,0,0
01spm3d88,Non-Profit,0,0,1,0,0
01spy4t79,Facility,0,0,1,0,0
01srjfc50,Archive,0,0,1,0,0
01t0n2c80,Health,0,0,1,0,0
01t10vs30,Company,0,0,1,0,0
01t1kq612,Education,0,0,1,0,0
01t3zke88,Facility,0,0,1,0,0
01t4pxk43,Health,0,0,1,0,0
01t4pxy10,Education,0,0,1,0,0
01t4pzq33,Facility,0,0,1,0,0
01t4ttr56,Education,0,0,1,0,0
01t8rk370,Government,0,0,1,0,0
01tbgce33,Education,0,0,1,0,0
01tbnxe16,Education,0,0,1,0,0
01th1p123,Other,0,0,1,0,0
01tk5k162,Company,0,0,1,0,0
01tppr291,Company,0,0,1,0,0
01trbq046,Education,0,0,1,0,0
01trdns33,Health,0,0,1,0,0
01trny179,Health,0,0,1,0,0
01tspta37,Government,0,0,1,0,1
01tvm6f46,Health,0,0,1,0,1
01tx2ss52,Other,0,0,1,0,0
01tx9js75,Non-Profit,0,0,1,0,0
01txwsw02,Funder,0,0,1,0,0
01v0c1y10,Education,0,0,1,0,0
01v376g59,Company,0,0,1,0,0
01v66s741,Company,0,0,1,0,0
01v7j8968,Education,0,0,1,0,0
01vb5ks25,Health,0,0,1,0,0
01vekys64,Government,0,0,1,0,1
01vetdz59,Company,0,0,1,0,0
01vg8sr12,Facility,0,0,1,0,0
01vhnrs90,Government,0,0,1,0,1
01vnr7x82,Health,0,0,1,0,0
01vs6se76,Government,0,0,1,0,0
01vtpxj52,Facility,0,0,1,0,0
01vvkvt81,Company,0,0,1,0,0
01vvn9w24,Facility,0,0,1,0,0
01vvnmw35,Facility,0,0,1,0,0
01vzx5p25,Health,0,0,1,0,0
01w0fb867,Education,0,0,1,0,0
01w19ak89,Government,0,0,1,0,1
01w1m0197,Health,0,0,1,0,0
01w3f6g06,Company,0,0,1,0,0
01w45kn29,Company,0,0,1,0,0
01w74xd96,Company,0,0,1,0,0
01w8n3n62,Company,0,0,1,0,0
01we8bn75,Education,0,0,1,0,0
01wept116,Health,0,0,1,0,0
01weqhp73,Universities,0,0,1,0,1
01wj9hk44,Non-Profit,0,0,1,0,0
01wmkgr68,Company,0,0,1,0,0
01wp2jz98,Companies,0,0,1,0,1
01wq1xf82,Non-Profit,0,0,1,0,0
01wvejv85,Health,0,0,1,0,0
01wwsba50,Health,0,0,1,0,0
01wxdd722,Non-Profit,0,0,1,0,0
01wz97s39,Government,0,0,1,0,1
01wzyqj69,Company,0,0,1,0,0
01x29t295,Health,0,0,1,0,0
01x2g0m45,Company,0,0,1,0,0
01x84xc38,Education,0,0,1,0,0
01xc6bj88,Facility,0,0,1,0,0
01xe8ky38,Non-Profit,0,0,1,0,0
01xet8208,Health,0,0,1,0,0
01xexwj76,Facility,0,0,1,0,0
01xfewa62,Health,0,0,1,0,0
01xhhwe60,Government,0,0,1,0,0
01xjsv217,Company,0,0,1,0,0
01xkmcr24,Health,0,0,1,0,0
01xnwqx93,Health,0,0,1,0,1
01xpfrc74,Education,0,0,1,0,0
01xscrc43,Company,0,0,1,0,0
01xzwj424,Universities,0,0,1,0,1
01y01jq30,Education,0,0,1,0,0
01y07bp24,Facility,0,0,1,0,0
01y6swy44,Archive,0,0,1,0,0
01y9arx16,Government,0,0,1,0,1
01y9bpm73,Universities,1,1,1,1,1
01ybqnp73,Health,0,0,1,0,0
01ygyzs83,Government,0,0,1,0,1
01yhahq71,Universities,0,0,1,0,1
01yj5ad85,Government,0,0,1,0,0
01yrp7892,Facility,0,0,1,0,0
01yzfjx97,Other,0,0,1,0,0
01z1qnm06,Facility,0,0,1,0,0
01z1z7017,Education,0,0,1,0,0
01z25am55,Facility,0,0,1,0,0
01z6gk692,Government,0,0,1,0,0
01zbg3a43,Facility,0,0,1,0,0
01zg9j813,Company,0,0,1,0,0
01zg9ry50,Company,0,0,1,0,0
01zgy1s35,Health,0,0,1,0,1
01zk3ma76,Other,0,0,1,0,0
01zkemb37,Company,0,0,1,0,0
01zkeq752,Company,0,0,1,0,0
01zqypb88,Non-Profit,0,0,1,0,0
01zv88x17,Company,0,0,1,0,0
01zvtwr46,Health,0,0,1,0,0
01zwmgk08,Government,0,0,1,0,1
01zx97922,Government,0,0,1,0,1
01zy07c70,Health,0,0,1,0,0
01zy2cs03,Government,0,0,1,0,1
01zzsqn40,Company,0,0,1,0,0
020268t49,Non-Profit,0,0,1,0,0
0205x2f04,Health,0,0,1,0,0
0208vms90,Other,0,0,1,0,0
020as7681,Government,0,0,1,0,1
020f8h126,Health,0,0,1,0,0
020gf7g55,Company,0,0,1,0,0
020n3fw10,Facility,0,0,1,0,0
020yp9q46,Company,0,0,1,0,0
0210tb741,Facility,0,0,1,0,0
0213d4b59,Other,0,0,1,0,0
0218v2420,Other,0,0,1,0,0
021924r89,Facility,0,0,1,0,0
0219e9162,Facility,0,0,1,0,0
0219m0g06,Company,0,0,1,0,0
021b9pa93,Company,0,0,1,0,0
021e69h28,Non-Profit,0,0,1,0,0
021eps607,Non-Profit,0,0,1,0,0
021f1r958,Company,0,0,1,0,0
021ft0n22,Health,0,0,1,0,1
021gpgt46,Company,0,0,1,0,0
021k10z87,Facility,0,0,1,0,0
021qr1j12,Company,0,0,1,0,0
021rhh009,Company,0,0,1,0,0
021wbbm64,Company,0,0,1,0,0
021wky884,Health,0,0,1,0,0
021ztkr23,Company,0,0,1,0,0
0221g4j08,Company,0,0,1,0,0
022598c22,Education,0,0,1,0,0
0229ja564,Health,0,0,1,0,0
022b5tw91,Non-Profit,0,0,1,0,0
022c1xk47,Company,0,0,1,0,0
022d5qt08,Government,0,0,1,0,0
022hz3j90,Health,0,0,1,0,0
022jc0g24,Facility,0,0,1,0,0
022jdjx35,Company,0,0,1,0,0
022r03w28,Education,0,0,1,0,0
022rwzq94,Facility,0,0,1,0,0
022zhm372,Education,0,0,1,0,0
0231f9890,Company,0,0,1,0,0
0232wt504,Company,0,0,1,0,0
0234wmv40,Universities,1,1,1,1,1
02385fa51,Facility,0,0,1,0,0
023ahcz89,Facility,0,0,1,0,0
023avht41,Other,0,0,1,0,0
023b0x485,Universities,1,1,1,1,1
023cs4y60,Company,0,0,1,0,0
023edjq13,Company,0,0,1,0,0
023f9bb65,Company,0,0,1,0,0
023jjn461,Company,0,0,1,0,0
023k1pq97,Company,0,0,1,0,0
023kksk09,Facility,0,0,1,0,0
023m9rp24,Health,0,0,1,0,0
023vb4t46,Facility,0,0,1,0,0
023yqa482,Company,0,0,1,0,0
0243gzr89,Government,0,0,1,0,1
0243j3z07,Education,0,0,1,0,0
024465936,Facility,0,0,1,0,0
0245cg223,Universities,1,1,1,1,1
0248h4s70,Health,0,0,1,0,0
024ape423,Government,0,0,1,0,1
024bb4f70,Health,0,0,1,0,0
024dzge57,Company,0,0,1,0,0
024e1fw78,Facility,0,0,1,0,0
024f43q37,Non-Profit,0,0,1,0,0
024ga3r86,Education,0,0,1,0,0
024j3hn90,Health,0,0,1,0,1
024nr0776,Education,0,0,1,0,0
024nzz449,Facility,0,0,1,0,0
024p6aq98,Facility,0,0,1,0,0
024pgf395,Non-Profit,0,0,1,0,0
024pwg683,Company,0,0,1,0,0
024thra40,Government,0,0,1,0,1
024xejm70,Education,0,0,1,0,0
024z2rq82,Universities,1,1,1,1,1
02506kf89,Health,0,0,1,0,0
0251g2d64,Other,0,0,1,0,0
0251nbz82,Government,0,0,1,0,0
0257syp95,Health,0,0,1,0,0
0259fwx54,Archive,0,0,1,0,0
025f1e779,Company,0,0,1,0,0
025frdg11,Facility,0,0,1,0,0
025fw7a54,Government,0,0,1,0,1
025my6r54,Government,0,0,1,0,0
025t8vx68,Non-Profit,0,0,1,0,0
025twjg59,Facility,0,0,1,0,0
025vngs54,Health,0,0,1,0,1
025z3z560,Non-Profit,0,0,1,0,1
025zpy585,Company,0,0,1,0,0
0260qqv98,Facility,0,0,1,0,0
0261fx274,Company,0,0,1,0,0
0262ezr32,Company,0,0,1,0,0
0263r2546,Facility,0,0,1,0,0
026452768,Company,0,0,1,0,0
0264gwr07,Company,0,0,1,0,0
0266fnb18,Company,0,0,1,0,0
0268h4j55,Company,0,0,1,0,0
026c3xn33,Education,0,0,1,0,0
026jf4w16,Government,0,0,1,0,0
026kenw55,Education,0,0,1,0,0
026nmvv73,Government,0,0,1,0,1
026q2n359,Company,0,0,1,0,0
026rvyt77,Health,0,0,1,0,0
026sbm463,Government,0,0,1,0,0
026stee22,Government,0,0,1,0,1
026taa863,Government,0,0,1,0,1
026xdv168,Company,0,0,1,0,0
026xpx458,Facility,0,0,1,0,0
02704zf98,Facility,0,0,1,0,0
0270sxy44,Health,0,0,1,0,0
02718ec78,Company,0,0,1,0,0
02722xq19,Health,0,0,1,0,0
02747fj94,Facility,0,0,1,0,0
02778hg05,Universities,0,0,1,0,1
0278hns33,Facility,0,0,1,0,0
02794jc95,Health,0,0,1,0,0
027b9qx26,Universities,0,0,1,0,1
027g0hb56,Company,0,0,1,0,0
027nwsc63,Health,0,0,1,0,0
027tvqf96,Company,0,0,1,0,0
027zp1m72,Archive,0,0,1,0,0
028070c57,Company,0,0,1,0,0
0281dp749,Government,0,0,1,0,1
028e4qh46,Company,0,0,1,0,0
028ew8k17,Non-Profit,0,0,1,0,0
028hv5492,Health,0,0,1,0,1
028jzvt36,Company,0,0,1,0,0
028s4q594,Health,0,0,1,0,1
028ttt579,Government,0,0,1,0,0
028v8ft65,Health,0,0,1,0,0
0291s1e82,Government,0,0,1,0,0
0295epx19,Company,0,0,1,0,0
029djbz77,Facility,0,0,1,0,0
029drer02,Facility,0,0,1,0,0
029hg0311,Government,0,0,1,0,1
029hy6086,Health,0,0,1,0,0
029rf8d44,Facility,0,0,1,0,0
029rhq550,Facility,0,0,1,0,0
029s44460,Non-Profit,0,0,1,0,1
029w5ya68,Facility,0,0,1,0,0
029zvxp24,Company,0,0,1,0,0
02a2sfd38,Health,0,0,1,0,0
02a33b393,Government,0,0,1,0,1
02a8wk986,Education,0,0,1,0,0
02a98s891,Facility,0,0,1,0,0
02ad32n85,Other,0,0,1,0,0
02adgag39,Company,0,0,1,0,0
02afjh072,Government,0,0,1,0,1
02aj13c28,Government,0,0,1,0,1
02ak8fm03,Other,0,0,1,0,0
02anmpm17,Company,0,0,1,0,0
02at7zv53,Facility,0,0,1,0,0
02av38n71,Health,0,0,1,0,0
02awj9960,Non-Profit,0,0,1,0,0
02awzpt50,Health,0,0,1,0,0
02aykj333,Company,0,0,1,0,0
02azyry73,Universities,1,1,1,1,1
02b08tk40,Company,0,0,1,0,0
02b3ny291,Company,0,0,1,0,0
02b3z0y06,Health,0,0,1,0,0
02b48z609,Health,0,0,1,0,0
02b790a63,Facility,0,0,1,0,0
02b7wb227,Government,0,0,1,0,0
02b8bdw43,Health,0,0,1,0,0
02be22443,Government,0,0,1,0,1
02bgfav21,Facility,0,0,1,0,0
02bh93636,Company,0,0,1,0,0
02bk51c93,Company,0,0,1,0,0
02bsh9z73,Facility,0,0,1,0,0
02bwrq566,Company,0,0,1,0,0
02bxvq813,Health,0,0,1,0,0
02bxzcy64,Universities,0,0,1,0,1
02byjcr11,Government,0,0,1,0,1
02c05kw86,Other,0,0,1,0,0
02c22vc57,Government,0,0,1,0,1
02c5z9p32,Company,0,0,1,0,0
02ccsj972,Health,0,0,1,0,0
02cd1dc23,Facility,0,0,1,0,0
02cypar22,Health,0,0,1,0,1
02cyskn39,Non-Profit,0,0,1,0,0
02d1rkr63,Health,0,0,1,0,0
02d6kbk83,Health,0,0,1,0,0
02d893y24,Other,0,0,1,0,0
02d89at43,Education,0,0,1,0,0
02dcqxm65,Archive,0,0,1,0,0
02devh349,Health,0,0,1,0,0
02dh8ja68,Government,0,0,1,0,1
02dkg4b27,Company,0,0,1,0,0
02dm92c46,Education,0,0,1,0,0
02dnes125,Health,0,0,1,0,0
02dqsp291,Health,0,0,1,0,0
02dsdsv34,Education,0,0,1,0,0
02dvf9b44,Facility,0,0,1,0,0
02dxdyv61,Other,0,0,1,0,0
02dzn2z94,Other,0,0,1,0,0
02e3hdx05,Education,0,0,1,0,0
02e4p6m45,Facility,0,0,1,0,0
02e560b93,Health,0,0,1,0,0
02e5r8n65,Health,0,0,1,0,0
02e60zs41,Company,0,0,1,0,0
02ehvej48,Company,0,0,1,0,0
02ekwm539,Company,0,0,1,0,0
02ep4w426,Company,0,0,1,0,0
02esxtn62,Funder,0,0,1,0,0
02eva5865,Government,0,0,1,0,1
02ewzby52,Other,0,0,1,0,0
02ezy5072,Company,0,0,1,0,0
02f0gnt04,Company,0,0,1,0,0
02f0r3n63,Other,0,0,1,0,0
02f3pgg92,Company,0,0,1,0,0
02f5aec20,Health,0,0,1,0,0
02f5b7n18,Government,0,0,1,0,1
02f99v835,Government,0,0,1,0,1
02f9det96,Universities,0,0,1,0,1
02fdw0g32,Company,0,0,1,0,0
02fez3815,Facility,0,0,1,0,0
02fn9c498,Other,0,0,1,0,0
02fp12092,Company,0,0,1,0,0
02fqn3k51,Archive,0,0,1,0,0
02fstjp34,Education,0,0,1,0,0
02fwcwt37,Company,0,0,1,0,0
02g130845,Facility,0,0,1,0,0
02g2sh456,Education,0,0,1,0,0
02g6d4t03,Facility,0,0,1,0,0
02gaw4292,Other,0,0,1,0,0
02ge27m07,Education,0,0,1,0,0
02gfar685,Facility,0,0,1,0,0
02gg23171,Health,0,0,1,0,0
02gk7n802,Non-Profit,0,0,1,0,0
02gm5zw39,Health,0,0,1,0,1
02gwe8432,Facility,0,0,1,0,0
02h12bg79,Facility,0,0,1,0,0
02h1dt688,Health,0,0,1,0,0
02h1nk258,Facility,0,0,1,0,0
02h1qnm70,Other,0,0,1,0,0
02h1y5y54,Company,0,0,1,0,0
02h2x0161,Government,0,0,1,0,1
02h3t6028,Company,0,0,1,0,0
02h919y47,Funder,0,0,1,0,0
02h988s91,Other,0,0,1,0,0
02hapf869,Education,0,0,1,0,0
02hbmds06,Other,0,0,1,0,0
02hcvme33,Facility,0,0,1,0,0
02hdxnq28,Archive,0,0,1,0,0
02hfr4n62,Company,0,0,1,0,0
02hm3sf87,Company,0,0,1,0,0
02hm5m482,Facility,0,0,1,0,0
02hnr5x72,Company,0,0,1,0,0
02hpadn98,Universities,1,1,1,1,1
02hs0x989,Health,0,0,1,0,0
02hwey921,Company,0,0,1,0,0
02j0fhg41,Health,0,0,1,0,0
02j0n6s98,Education,0,0,1,0,0
02j2j7n26,Company,0,0,1,0,0
02j45y774,Health,0,0,1,0,0
02j6gm739,Government,0,0,1,0,1
02j73r478,Company,0,0,1,0,0
02j8awh30,Company,0,0,1,0,0
02jaztc47,Facility,0,0,1,0,0
02jch6d72,Non-Profit,0,0,1,0,0
02jdwac97,Company,0,0,1,0,0
02jet3w32,Health,0,0,1,0,1
02jgyam08,Government,0,0,1,0,1
02jhqqg57,Government,0,0,1,0,1
02jj1fb93,Other,0,0,1,0,0
02jj62p13,Archive,0,0,1,0,0
02jjvb954,Other,0,0,1,0,0
02js38076,Health,0,0,1,0,0
02jsxnc12,Health,0,0,1,0,0
02jwef888,Company,0,0,1,0,0
02jwgg565,Other,0,0,1,0,0
02jy2nq64,Facility,0,0,1,0,0
02jy4mx12,Company,0,0,1,0,0
02k3b8775,Archive,0,0,1,0,0
02k4gk709,Education,0,0,1,0,0
02k57ty04,Health,0,0,1,0,0
02k8cbn47,Government,0,0,1,0,1
02k8pys83,Health,0,0,1,0,0
02k9k5a61,Other,0,0,1,0,0
02kbfhq14,Health,0,0,1,0,0
02kd9ve64,Company,0,0,1,0,0
02kfzvh91,Government,0,0,1,0,1
02kgsyn41,Company,0,0,1,0,0
02khpps76,Company,0,0,1,0,0
02kj91m96,Health,0,0,1,0,1
02kkvpp62,Universities,1,1,1,1,1
02knxrg60,Other,0,0,1,0,0
02kpprd93,Non-Profit,0,0,1,0,0
02kqy4228,Education,0,0,1,0,0
02kraxp86,Education,0,0,1,0,0
02ks53214,Government,0,0,1,0,1
02ksyke18,Company,0,0,1,0,0
02kv9xm28,Archive,0,0,1,0,0
02kw5st29,Education,0,0,1,0,0
02m0p4y77,Health,0,0,1,0,0
02m11x738,Universities,0,0,1,0,1
02m1z0a87,Education,0,0,1,0,0
02m4p8096,Education,0,0,1,0,0
02m7p2c22,Education,0,0,1,0,0
02mavc002,Facility,0,0,1,0,0
02mcz6a08,Company,0,0,1,0,0
02mdj2060,Non-Profit,0,0,1,0,0
02met5w95,Facility,0,0,1,0,0
02mj1v005,Health,0,0,1,0,0
02mkz3e80,Facility,0,0,1,0,0
02mmpfj40,Other,0,0,1,0,0
02mp31p96,Companies,0,0,1,0,1
02msan859,Universities,0,0,1,0,1
02mts0a81,Non-Profit,0,0,1,0,0
02mwnke68,Health,0,0,1,0,0
02mwtkt95,Health,0,0,1,0,0
02n53wv45,Government,0,0,1,0,0
02n5r1g44,Facility,0,0,1,0,0
02n851422,Company,0,0,1,0,0
02n94hw85,Other,0,0,1,0,0
02na8dn90,Health,0,0,1,0,1
02nfy3535,Education,0,0,1,0,0
02njgxr09,Government,0,0,1,0,1
02nkxrq89,Education,0,0,1,0,0
02nn2tc47,Health,0,0,1,0,0
02nq4wt82,Education,0,0,1,0,0
02nq6sy34,Education,0,0,1,0,0
02nrqs528,Government,0,0,1,0,1
02nv7yv05,Government,0,0,1,0,1
02nyezm25,Health,0,0,1,0,0
02p1wqy15,Facility,0,0,1,0,0
02p22ad51,Other,0,0,1,0,0
02p5hsv84,Education,0,0,1,0,0
02p9c1e58,Company,0,0,1,0,0
02panr271,Facility,0,0,1,0,0
02paqmq68,Health,0,0,1,0,0
02pbsk254,Health,0,0,1,0,0
02pdsdw78,Health,0,0,1,0,0
02pe2kf23,Government,0,0,1,0,1
02pfxyr52,Company,0,0,1,0,0
02phevt59,Facility,0,0,1,0,0
02phsd572,Company,0,0,1,0,0
02pnhcc10,Education,0,0,1,0,0
02pnjnj33,Health,0,0,1,0,1
02pp7px91,Government,0,0,1,0,1
02pqn3g31,Health,0,0,1,0,1
02prq1a68,Non-Profit,0,0,1,0,0
02prx6004,Company,0,0,1,0,0
02pse8162,Facility,0,0,1,0,0
02psykc67,Health,0,0,1,0,0
02ptz5951,Government,0,0,1,0,0
02pvszw76,Company,0,0,1,0,0
02pvy4b66,Company,0,0,1,0,0
02q1k8269,Non-Profit,0,0,1,0,0
02q3n2241,Company,0,0,1,0,0
02q4zyb28,Health,0,0,1,0,0
02q7vgb48,Non-Profit,0,0,1,0,0
02q7ym472,Health,0,0,1,0,0
02qbcmz19,Education,0,0,1,0,0
02qchbs48,Education,0,0,1,0,0
02qcqwf93,Government,0,0,1,0,1
02qdc9985,Education,0,0,1,0,0
02qeyb550,Company,0,0,1,0,0
02qkrgf06,Company,0,0,1,0,0
02qnsw591,Non-Profit,0,0,1,0,0
02qp22n14,Other,0,0,1,0,0
02qt0fz52,Company,0,0,1,0,0
02qwdgg40,Company,0,0,1,0,0
02qz3vm75,Facility,0,0,1,0,0
02r0e4r58,Facility,0,0,1,0,0
02r2q1d96,Facility,0,0,1,0,0
02r5q4n43,Non-Profit,0,0,1,0,0
02r625m11,Universities,0,0,1,0,1
02r724415,Education,0,0,1,0,0
02r8sh830,Health,0,0,1,0,0
02r96rf44,Company,0,0,1,0,0
02rbfgr17,Company,0,0,1,0,0
02re32a17,Education,0,0,1,0,0
02reezy47,Non-Profit,0,0,1,0,0
02rj97169,Company,0,0,1,0,0
02rmvby88,Facility,0,0,1,0,0
02rn5zx43,Other,0,0,1,0,0
02rppq041,Health,0,0,1,0,0
02rqsa469,Education,0,0,1,0,0
02rrff887,Company,0,0,1,0,0
02rs30x67,Company,0,0,1,0,0
02rtsfd15,Education,0,0,1,0,0
02rzw6h69,Government,0,0,1,0,1
02s0g2v93,Company,0,0,1,0,0
02s5qve69,Company,0,0,1,0,0
02s7vm534,Facility,0,0,1,0,0
02s7xpw31,Health,0,0,1,0,0
02s88ax77,Facility,0,0,1,0,0
02s9dw784,Company,0,0,1,0,0
02sbh2p55,Company,0,0,1,0,0
02se0t636,Government,0,0,1,0,1
02sk64d67,Health,0,0,1,0,0
02skbsp27,Government,0,0,1,0,1
02skrkk58,Health,0,0,1,0,0
02sm4kj57,Facility,0,0,1,0,0
02smhv438,Company,0,0,1,0,0
02stt7r85,Company,0,0,1,0,0
02svrcw68,Company,0,0,1,0,0
02sy3xj90,Facility,0,0,1,0,0
02szraf30,Funder,0,0,1,0,0
02t26g637,Facility,0,0,1,0,0
02t2pyr24,Company,0,0,1,0,0
02tarpq30,Company,0,0,1,0,0
02tbr6331,Government,0,0,1,0,1
02tce8t86,Non-Profit,0,0,1,0,0
02tk0sb78,Company,0,0,1,0,0
02tkbtm16,Company,0,0,1,0,0
02tkd3t39,Health,0,0,1,0,0
02tv28881,Health,0,0,1,0,0
02tyer376,Non-Profit,0,0,1,0,1
02tztn617,Company,0,0,1,0,0
02v2egw15,Non-Profit,0,0,1,0,0
02v3n9z83,Facility,0,0,1,0,0
02v4fpg03,Health,0,0,1,0,0
02v8db677,Health,0,0,1,0,0
02vbc1t40,Company,0,0,1,0,0
02vbxt202,Company,0,0,1,0,0
02veq1j93,Health,0,0,1,0,0
02vgg2808,Government,0,0,1,0,0
02vj4kn98,Company,0,0,1,0,0
02vm4nz81,Company,0,0,1,0,0
02vva9s75,Company,0,0,1,0,0
02vvvm705,Education,0,0,1,0,0
02w0smy45,Health,0,0,1,0,0
02w2qw090,Company,0,0,1,0,0
02w2y2t16,Universities,0,0,1,0,1
02w6f6b92,Other,0,0,1,0,0
02w6m7e50,Health,0,0,1,0,0
02w72df16,Other,0,0,1,0,0
02wbjm117,Archive,0,0,1,0,0
02wdrwh83,Facility,0,0,1,0,0
02wena850,Government,0,0,1,0,0
02wfk0r79,Facility,0,0,1,0,0
02wfxqa76,Health,0,0,1,0,0
02wkzzr31,Facility,0,0,1,0,0
02wmkbh90,Company,0,0,1,0,0
02wndzd81,Health,0,0,1,0,1
02wt6e634,Facility,0,0,1,0,0
02wv88v83,Company,0,0,1,0,0
02wwrgv75,Company,0,0,1,0,0
02wxx3e24,Universities,0,0,1,0,1
02x1q2477,Facility,0,0,1,0,0
02x2gk324,Company,0,0,1,0,0
02x3ev322,Company,0,0,1,0,0
02x6n9690,Government,0,0,1,0,0
02x79tw02,Company,0,0,1,0,0
02x8c2t37,Company,0,0,1,0,0
02x8kf546,Health,0,0,1,0,0
02xbx2821,Company,0,0,1,0,0
02xc43e34,Company,0,0,1,0,0
02xdzy536,Education,0,0,1,0,0
02xgrds91,Other,0,0,1,0,0
02xss3674,Facility,0,0,1,0,0
02xstm723,Education,0,0,1,0,0
02xwjjw58,Health,0,0,1,0,0
02xx9xx26,Non-Profit,0,0,1,0,0
02xyqwh78,Company,0,0,1,0,0
02xzmkb45,Company,0,0,1,0,0
02y05ge92,Government,0,0,1,0,0
02y1msw11,Non-Profit,0,0,1,0,0
02y22dj89,Company,0,0,1,0,0
02y3dtg29,Health,0,0,1,0,0
02y5mkh60,Archive,0,0,1,0,0
02y7tka90,Company,0,0,1,0,0
02y8hn179,Health,0,0,1,0,0
02y910088,Company,0,0,1,0,0
02yh57h22,Facility,0,0,1,0,0
02yhs7m71,Facility,0,0,1,0,0
02yjyfs84,Facility,0,0,1,0,0
02yr08r26,Non-Profit,0,0,1,0,0
02yrs2n53,Universities,0,0,1,1,1
02ysgg478,Archive,0,0,1,0,0
02yvd4j36,Government,0,0,1,0,0
02ywgn354,Non-Profit,0,0,1,0,0
02ywmkj38,Education,0,0,1,0,0
02yxqev59,Company,0,0,1,0,0
02yxsn987,Company,0,0,1,0,0
02yz2ed22,Facility,0,0,1,0,0
02z4esg96,Government,0,0,1,0,0
02z7b0p22,Other,0,0,1,0,0
02z95d405,Facility,0,0,1,0,0
02za70122,Company,0,0,1,0,0
02zd56905,Company,0,0,1,0,0
02zeqvn38,Company,0,0,1,0,0
02zmk8084,Facility,0,0,1,0,0
02zmrd443,Health,0,0,1,0,0
02zp2df93,Education,0,0,1,0,0
02zp8yy63,Company,0,0,1,0,0
02zvbmm61,Health,0,0,1,0,0
02zvtbe65,Non-Profit,0,0,1,0,0
0303jkh46,Non-Profit,0,0,1,0,0
0304hq317,Universities,1,1,1,1,1
0309m1r07,Facility,0,0,1,0,0
0309msh52,Facility,0,0,1,0,0
030bh9196,Company,0,0,1,0,0
030bwht90,Government,0,0,1,0,0
030chcw72,Non-Profit,0,0,1,0,0
030h7k016,Government,0,0,1,0,1
030pd1x82,Health,0,0,1,0,0
030pq6x19,Company,0,0,1,0,0
030qw5707,Company,0,0,1,0,0
030qwf038,Health,0,0,1,0,0
030sdwr92,Education,0,0,1,0,0
030xgr181,Health,0,0,1,0,0
031432n58,Other,0,0,1,0,0
0315a3206,Company,0,0,1,0,0
031aqk326,Facility,0,0,1,0,0
031bsb921,Universities,0,0,1,1,1
031cz5x07,Company,0,0,1,0,0
031eq5e98,Education,0,0,1,0,0
031fvch84,Company,0,0,1,0,0
031h71w90,Archive,0,0,1,0,0
031kyph18,Facility,0,0,1,0,0
031ncfw92,Company,0,0,1,0,0
031nmyb26,Non-Profit,0,0,1,0,0
031npzc88,Company,0,0,1,0,0
031ph8d53,Education,0,0,1,0,0
031pj9222,Non-Profit,0,0,1,0,0
031q2en94,Facility,0,0,1,0,0
031t5w623,Health,0,0,1,0,1
031vc2293,Universities,1,1,1,1,1
031x12x59,Health,0,0,1,0,0
031x2yz16,Company,0,0,1,0,0
031xjr712,Company,0,0,1,0,0
031ytbe94,Company,0,0,1,0,0
032000t02,Universities,1,1,1,1,1
0325nt175,Company,0,0,1,0,0
0325p1j31,Company,0,0,1,0,0
0327sr118,Facility,0,0,1,0,0
0329ynx05,Funder,0,0,1,0,0
032a28f65,Facility,0,0,1,0,0
032a9fh96,Other,0,0,1,0,0
032e6b942,Government,0,0,1,0,1
032hfv632,Company,0,0,1,0,0
032hzb643,Other,0,0,1,0,0
032kej893,Health,0,0,1,0,0
032n1tr36,Facility,0,0,1,0,0
032nzv584,Health,0,0,1,0,1
032v09t14,Other,0,0,1,0,0
032xqbj11,Education,0,0,1,0,0
032yym934,Government,0,0,1,0,1
033198s46,Facility,0,0,1,0,0
03326wy09,Non-Profit,0,0,1,0,0
03327ex30,Archive,0,0,1,0,0
0335jxq92,Company,0,0,1,0,0
033bb5z47,Universities,0,0,1,0,1
033eqas34,Universities,1,1,1,1,1
033gvjm02,Health,0,0,1,0,0
033jd5r25,Education,0,0,1,0,0
033jqx441,Health,0,0,1,0,0
033kyng81,Health,0,0,1,0,0
033n9gh91,Universities,1,1,1,0,1
033ngjs02,Health,0,0,1,0,0
033sa9s17,Company,0,0,1,0,0
033sga382,Health,0,0,1,0,0
033wye414,Facility,0,0,1,0,0
033x1wr64,Health,0,0,1,0,0
033ynyj02,Facility,0,0,1,0,0
0344nnn17,Company,0,0,1,0,0
03459qp74,Company,0,0,1,0,0
034c6t134,Facility,0,0,1,0,0
034fmtr90,Facility,0,0,1,0,0
034nkkr84,Health,0,0,1,0,1
034nz8723,Health,0,0,1,0,0
034p8wt80,Company,0,0,1,0,0
034rhsb33,Government,0,0,1,0,1
034tp1f71,Company,0,0,1,0,0
034waa237,Facility,0,0,1,0,0
0352fvv75,Non-Profit,0,0,1,0,0
03538jp08,Company,0,0,1,0,0
0355p2e87,Company,0,0,1,0,0
03583sy04,Government,0,0,1,0,0
0359s0245,Company,0,0,1,0,0
035btw704,Health,0,0,1,0,0
035d65343,Health,0,0,1,0,0
035dq5k54,Non-Profit,0,0,1,0,0
035dzyj47,Government,0,0,1,0,0
035f23321,Facility,0,0,1,0,0
035f67744,Health,0,0,1,0,0
035gava43,Company,0,0,1,0,0
035hn3t86,Archive,0,0,1,0,0
035kwsm70,Other,0,0,1,0,0
035pc1920,Non-Profit,0,0,1,0,0
035pp4s04,Facility,0,0,1,0,0
035rzkx15,Health,0,0,1,0,1
035tamt43,Company,0,0,1,0,0
035wevv89,Facility,0,0,1,0,0
035wmq455,Facility,0,0,1,0,0
035xba693,Health,0,0,1,0,0
035ygmd05,Company,0,0,1,0,0
03606hw36,Universities,0,0,1,0,1
0360rgf68,Health,0,0,1,0,0
0360yvh71,Health,0,0,1,0,0
0364hq403,Company,0,0,1,0,0
0367jyj65,Company,0,0,1,0,0
0367m1n91,Education,0,0,1,0,0
036d7m178,Health,0,0,1,0,0
036e5c451,Government,0,0,1,0,0
036e61f39,Health,0,0,1,0,0
036f7qt17,Education,0,0,1,0,0
036gpm141,Health,0,0,1,0,0
036j3hh72,Health,0,0,1,0,0
036j7xe27,Health,0,0,1,0,0
036md6q83,Facility,0,0,1,0,0
036ragn25,Government,0,0,1,0,1
036rgb954,Health,0,0,1,0,0
036sabf92,Company,0,0,1,0,0
036smcz74,Education,0,0,1,0,0
036w42389,Government,0,0,1,0,0
036xsx560,Other,0,0,1,0,0
0374y9c72,Company,0,0,1,0,0
03781zn34,Facility,0,0,1,0,0
0378gm372,Education,0,0,1,0,0
0378v2g76,Facility,0,0,1,0,0
037bsar61,Government,0,0,1,0,0
037dn9q43,Other,0,0,1,0,0
037hxym60,Health,0,0,1,0,0
037ngs497,Company,0,0,1,0,0
037p86664,Government,0,0,1,0,1
037pq2a43,Health,0,0,1,0,0
037rv3j62,Health,0,0,1,0,0
037tkh273,Health,0,0,1,0,0
037vx0145,Other,0,0,1,0,0
037wq4b75,Health,0,0,1,0,1
037ydha73,Other,0,0,1,0,0
0387jng26,Government,0,0,1,0,1
0387prb75,Non-Profit,0,0,1,0,0
0387raj07,Health,0,0,1,0,0
038cdme44,Companies,0,0,1,0,1
038eaw106,Company,0,0,1,0,0
038esqp30,Health,0,0,1,0,0
038f3wn67,Company,0,0,1,0,0
038ftp957,Education,0,0,1,0,0
038fwdn76,Education,0,0,1,0,0
038p55355,Health,0,0,1,0,0
038rd9v60,Company,0,0,1,0,0
038rep477,Education,0,0,1,0,0
038rpgw61,Facility,0,0,1,0,0
038t2yw28,Education,0,0,1,0,0
038t36y30,Universities,1,1,1,1,1
038t94116,Facility,0,0,1,0,0
038taf935,Government,0,0,1,0,0
038v5jv72,Health,0,0,1,0,0
03905f420,Facility,0,0,1,0,0
0391kcn80,Company,0,0,1,0,0
0392kk689,Government,0,0,1,0,0
0393vzh87,Facility,0,0,1,0,0
03941w909,Health,0,0,1,0,0
0394e4913,Company,0,0,1,0,0
0396gab88,Facility,0,0,1,0,0
0396vya75,Company,0,0,1,0,0
039a53269,Government,0,0,1,0,1
039c0bt50,Non-Profit,0,0,1,0,0
039djdh30,Non-Profit,0,0,1,0,0
039faw336,Company,0,0,1,0,0
039ft6244,Company,0,0,1,0,0
039gdg280,Education,0,0,1,0,0
039hegs97,Company,0,0,1,0,0
039jwf091,Education,0,0,1,0,0
039kzrb23,Company,0,0,1,0,0
039ppzb98,Non-Profit,0,0,1,0,0
039r16z31,Company,0,0,1,0,0
039s64n79,Facility,0,0,1,0,0
039sb8791,Company,0,0,1,0,0
039skw388,Company,0,0,1,0,0
039t4wk02,Government,0,0,1,0,1
039t7ab07,Company,0,0,1,0,0
039v0g264,Health,0,0,1,0,0
039wjmj68,Company,0,0,1,0,0
039yjh421,Facility,0,0,1,0,0
03a1kwz48,Universities,1,1,1,1,1
03a20x849,Company,0,0,1,0,0
03a5xsc56,Government,0,0,1,0,1
03a7e0x93,Health,0,0,1,0,0
03a96gc12,Facility,0,0,1,0,0
03abd2075,Facility,0,0,1,0,0
03acsgj85,Company,0,0,1,0,0
03adsge54,Facility,0,0,1,0,0
03ae9x524,Archive,0,0,1,0,0
03aervg81,Health,0,0,1,0,0
03afbx254,Health,0,0,1,0,0
03afcx965,Education,0,0,1,0,0
03aft2f80,Education,0,0,1,0,0
03ajfdb10,Company,0,0,1,0,0
03ak9vt35,Non-Profit,0,0,1,0,0
03aky0p13,Education,0,0,1,0,0
03ap2av50,Facility,0,0,1,0,0
03ate3e03,Government,0,0,1,0,1
03av75f26,Government,0,0,1,0,1
03avbdx23,Health,0,0,1,0,0
03aysbj82,Health,0,0,1,0,0
03b0k9c14,Health,0,0,1,0,1
03b2h3x98,Health,0,0,1,0,0
03b69tw84,Health,0,0,1,0,0
03b7zcy46,Education,0,0,1,0,0
03b9q7371,Education,0,0,1,0,0
03ba7k022,Company,0,0,1,0,0
03bavdz78,Education,0,0,1,0,0
03bbqn881,Archive,0,0,1,0,0
03bc1mz40,Facility,0,0,1,0,0
03bekaf83,Health,0,0,1,0,0
03bh13774,Education,0,0,1,0,0
03bmdtg34,Company,0,0,1,0,0
03bnmw459,Universities,1,1,1,1,1
03bq9hz14,Company,0,0,1,0,0
03bsmfz84,Non-Profit,0,0,1,0,0
03bthq143,Education,0,0,1,0,0
03c0qqf32,Education,0,0,1,0,0
03c1b7x32,Company,0,0,1,0,0
03c1k0368,Company,0,0,1,0,0
03c8hnh70,Non-Profit,0,0,1,0,0
03cba0s60,Health,0,0,1,0,0
03cbf2j49,Company,0,0,1,0,0
03cbkmv71,Company,0,0,1,0,0
03ccc5z68,Education,0,0,1,0,0
03ccx3r49,Company,0,0,1,0,0
03cdgfs84,Other,0,0,1,0,0
03cmwaa13,Company,0,0,1,0,0
03cn8n632,Health,0,0,1,0,0
03cr5e788,Health,0,0,1,0,0
03crxcn36,Education,0,0,1,0,0
03cvjvq49,Company,0,0,1,0,0
03cvz4414,Company,0,0,1,0,0
03czk8k96,Education,0,0,1,0,0
03d0p2685,Government,0,0,1,0,1
03d0yjb51,Education,0,0,1,0,0
03d1zwe41,Education,0,0,1,0,0
03d3v3e93,Company,0,0,1,0,0
03d8m2k26,Company,0,0,1,0,0
03daz6p93,Health,0,0,1,0,0
03dbpxy52,Other,0,0,1,0,0
03djv3266,Company,0,0,1,0,0
03dsc8d33,Company,0,0,1,0,0
03dv91853,Universities,0,0,1,0,1
03dx11k66,Facility,0,0,1,0,0
03dyg8x92,Government,0,0,1,0,0
03e21z229,Facility,0,0,1,0,0
03e2b2m72,Facility,0,0,1,0,0
03e4qp353,Facility,0,0,1,0,0
03e5aen17,Company,0,0,1,0,0
03e76ya46,Facility,0,0,1,0,0
03e7w2h22,Other,0,0,1,0,0
03e8s1d88,Government,0,0,1,0,1
03ebbfh95,Facility,0,0,1,0,0
03ec28972,Other,0,0,1,0,0
03efsge90,Education,0,0,1,0,0
03egnwz74,Health,0,0,1,0,0
03egr7630,Facility,0,0,1,0,0
03ekpdz59,Government,0,0,1,0,0
03ep3q589,Non-Profit,0,0,1,0,0
03eqwj662,Education,0,0,1,0,0
03erscp63,Company,0,0,1,0,0
03esvmb28,Health,0,0,1,0,0
03ex76y18,Company,0,0,1,0,0
03eydf751,Company,0,0,1,0,0
03eyhgw20,Non-Profit,0,0,1,0,0
03eznrw16,Education,0,0,1,0,0
03f4jx570,Company,0,0,1,0,0
03f6n9m15,Health,0,0,1,0,1
03f8e0241,Facility,0,0,1,0,0
03ff1e896,Other,0,0,1,0,0
03fjbw519,Company,0,0,1,0,0
03fkg8131,Facility,0,0,1,0,0
03fp59e94,Non-Profit,0,0,1,0,0
03fpt5m65,Facility,0,0,1,0,0
03fqz3d07,Company,0,0,1,0,0
03fry2j13,Archive,0,0,1,0,0
03ftwc024,Health,0,0,1,0,0
03fyf9c76,Company,0,0,1,0,0
03g267s60,Government,0,0,1,0,1
03g3xrr94,Company,0,0,1,0,0
03g7c9017,Company,0,0,1,0,0
03g7eh380,Funder,0,0,1,0,0
03ga8q162,Company,0,0,1,0,0
03gf02c22,Education,0,0,1,0,0
03ggzay52,Education,0,0,1,0,0
03gj2cq31,Facility,0,0,1,0,0
03gjpvv92,Facility,0,0,1,0,0
03gnnzc77,Facility,0,0,1,0,0
03gsjff75,Health,0,0,1,0,0
03gvee390,Company,0,0,1,0,0
03gw7aq50,Government,0,0,1,0,0
03gzxs418,Education,0,0,1,0,0
03gzy9q74,Health,0,0,1,0,0
03h07zp96,Health,0,0,1,0,0
03h1j4f11,Health,0,0,1,0,0
03h3w3289,Other,0,0,1,0,0
03h61ra63,Facility,0,0,1,0,0
03h8wam21,Health,0,0,1,0,0
03hass884,Facility,0,0,1,0,0
03hayrn10,Archive,0,0,1,0,0
03hbmgt12,Education,0,0,1,0,0
03hj50651,Education,0,0,1,0,0
03hj8rz96,Education,0,0,1,0,0
03hkr1v69,Facility,0,0,1,0,0
03hpxd290,Facility,0,0,1,0,0
03hv28176,Government,0,0,1,0,1
03hw0pv02,Health,0,0,1,0,0
03hw14970,Company,0,0,1,0,0
03hxbk195,Health,0,0,1,0,0
03hzkp562,Education,0,0,1,0,0
03j0xs842,Company,0,0,1,0,0
03j1c4d98,Non-Profit,0,0,1,0,0
03j1srb55,Company,0,0,1,0,0
03j1wg370,Other,0,0,1,0,0
03j4qkf39,Company,0,0,1,0,0
03j546b66,Health,0,0,1,0,0
03j5af397,Company,0,0,1,0,0
03j85fc72,Government,0,0,1,0,1
03jb89v85,Company,0,0,1,0,0
03jbf6q27,Government,0,0,1,0,1
03je0y772,Facility,0,0,1,0,0
03jgt3n70,Facility,0,0,1,0,0
03jp18535,Company,0,0,1,0,0
03jqa2c59,Facility,0,0,1,0,0
03jtvc520,Facility,0,0,1,0,0
03jvfq589,Other,0,0,1,0,0
03k0z2z93,Government,0,0,1,0,1
03k3ky186,Government,0,0,1,0,1
03k5bhd83,Education,0,0,1,0,0
03k5dfv06,Government,0,0,1,0,0
03k7cjr94,Archive,0,0,1,0,0
03k9qs827,Government,0,0,1,0,1
03kbxr932,Health,0,0,1,0,0
03kdvpr29,Government,0,0,1,0,0
03kfnwp54,Government,0,0,1,0,0
03kfrc103,Company,0,0,1,0,0
03kgyz465,Non-Profit,0,0,1,0,0
03kkjyc12,Company,0,0,1,0,0
03kmaet43,Company,0,0,1,0,0
03kw8ep35,Company,0,0,1,0,0
03kxagd85,Health,0,0,1,0,0
03kz92t11,Company,0,0,1,0,0
03kzgcv48,Education,0,0,1,0,0
03m04df46,Health,0,0,1,0,1
03m2kj587,Education,0,0,1,0,0
03m3fa408,Company,0,0,1,0,0
03m629g08,Non-Profit,0,0,1,0,0
03mpa3n40,Government,0,0,1,0,0
03mrbr458,Government,0,0,1,0,1
03mstc592,Government,0,0,1,0,1
03mxqcg82,Other,0,0,1,0,0
03mznce35,Government,0,0,1,0,0
03n1jcy96,Health,0,0,1,0,0
03n1zj511,Non-Profit,0,0,1,0,0
03n3c3r21,Company,0,0,1,0,0
03n6dw312,Company,0,0,1,0,0
03nayh382,Company,0,0,1,0,0
03nb1x490,Facility,0,0,1,0,0
03ndabk35,Health,0,0,1,0,0
03nr7d398,Non-Profit,0,0,1,0,0
03nsv9b85,Health,0,0,1,0,0
03nydrc16,Company,0,0,1,0,0
03nyzw632,Company,0,0,1,0,0
03p14d497,Universities,1,1,1,0,1
03p371b74,Health,0,0,1,0,0
03p4y9t51,Company,0,0,1,0,0
03p8xz723,Health,0,0,1,0,0
03pfshj32,Health,0,0,1,0,0
03pgn2579,Government,0,0,1,0,0
03phr4149,Company,0,0,1,0,0
03pmvdv44,Company,0,0,1,0,0
03ppaqb54,Non-Profit,0,0,1,0,0
03pqf0084,Education,0,0,1,0,0
03psr2094,Other,0,0,1,0,0
03pvr2g57,Health,0,0,1,0,1
03pwyy961,Government,0,0,1,0,1
03py58635,Non-Profit,0,0,1,0,0
03pzdmy91,Other,0,0,1,0,0
03q0ab227,Education,0,0,1,0,0
03qafw071,Health,0,0,1,0,0
03qjp1d79,Government,0,0,1,0,1
03qt2gs44,Facility,0,0,1,0,0
03qv69876,Health,0,0,1,0,0
03qwqnb95,Company,0,0,1,0,0
03qxceh63,Facility,0,0,1,0,0
03qxwkk89,Company,0,0,1,0,0
03r29tc70,Health,0,0,1,0,0
03r30hs79,Health,0,0,1,0,0
03r3ww479,Company,0,0,1,0,0
03r7aan38,Facility,0,0,1,0,0
03rf7pf16,Non-Profit,0,0,1,0,0
03rfk3a08,Health,0,0,1,0,0
03rkmps36,Universities,0,0,1,0,1
03rkybp63,Company,0,0,1,0,0
03rmb1244,Company,0,0,1,0,0
03rmqr166,Health,0,0,1,0,0
03rswdy10,Health,0,0,1,0,0
03rvn2t89,Non-Profit,0,0,1,0,0
03s20bw89,Company,0,0,1,0,0
03s6brr03,Facility,0,0,1,0,0
03s7gtk40,Universities,1,1,1,1,1
03sb44z08,Company,0,0,1,0,0
03sd3yf61,Facility,0,0,1,0,0
03sj2jc05,Non-Profit,0,0,1,0,0
03sjtg710,Company,0,0,1,0,0
03snh5g40,Health,0,0,1,0,0
03sr9xs40,Facility,0,0,1,0,0
03srd4412,Health,0,0,1,0,0
03sry2h30,Government,0,0,1,0,1
03sz41d72,Health,0,0,1,0,0
03t0n2419,Company,0,0,1,0,0
03t7d6q88,Education,0,0,1,0,0
03t7jd518,Education,0,0,1,0,0
03taest98,Government,0,0,1,0,1
03tdxj229,Company,0,0,1,0,0
03tevfg71,Facility,0,0,1,0,0
03tgwp072,Facility,0,0,1,0,0
03thnsj45,Company,0,0,1,0,0
03thsxs59,Company,0,0,1,0,0
03tn2wn35,Government,0,0,1,0,0
03tr83233,Health,0,0,1,0,0
03tre7r66,Company,0,0,1,0,0
03tx8dq56,Non-Profit,0,0,0,0,1
03tx9kw79,Facility,0,0,1,0,0
03txeq812,Company,0,0,1,0,0
03ty9wj75,Facility,0,0,1,0,0
03v0k6341,Other,0,0,1,0,0
03v0txq34,Company,0,0,1,0,0
03v2aht94,Health,0,0,1,0,0
03v4gjf40,Universities,1,1,1,1,1
03v7mmm26,Other,0,0,1,0,0
03v8pzh67,Company,0,0,1,0,0
03v958f45,Health,0,0,1,0,0
03v9xsr27,Company,0,0,1,0,0
03vc76c84,Health,0,0,1,0,0
03vgw1v49,Government,0,0,1,0,0
03vp67w60,Facility,0,0,1,0,0
03vpj4s62,Facility,0,0,1,0,0
03vtebn72,Company,0,0,1,0,0
03vvewn46,Facility,0,0,1,0,0
03vxtfp37,Company,0,0,1,0,0
03vyq6t71,Government,0,0,1,0,1
03vz3qc29,Education,0,0,1,0,0
03vzbgh69,Health,0,0,1,0,1
03w0bbr97,Facility,0,0,1,0,0
03w27x846,Government,0,0,1,0,0
03w2zhm87,Company,0,0,1,0,0
03w3a0h43,Education,0,0,1,0,0
03w8k6t95,Company,0,0,1,0,0
03w9d2b95,Health,0,0,1,0,0
03weyyh46,Health,0,0,1,0,0
03wf51b65,Archive,0,0,1,0,0
03wgek846,Health,0,0,1,0,0
03wjq7x76,Other,0,0,1,0,0
03wjwyj98,Company,0,0,1,0,0
03wq67h32,Facility,0,0,1,0,0
03wrq5388,Non-Profit,0,0,1,0,0
03wtqpk68,Company,0,0,1,0,0
03wysya92,Facility,0,0,1,0,0
03wz9xk91,Facility,0,0,1,0,0
03x516a66,Government,0,0,1,0,1
03xa4xh46,Company,0,0,1,0,0
03xfq0m13,Company,0,0,1,0,0
03xg85719,Facility,0,0,1,0,0
03xgcq477,Universities,0,0,1,0,1
03xgnab40,Health,0,0,1,0,0
03xh9nq73,Government,0,0,1,0,1
03xn5qf90,Company,0,0,1,0,0
03xp99m49,Education,0,0,1,0,0
03xptr862,Facility,0,0,1,0,0
03xq46679,Company,0,0,1,0,0
03xqv3p85,Company,0,0,1,0,0
03xvdbr49,Non-Profit,0,0,1,0,0
03xxhjp07,Company,0,0,1,0,0
03xz7zy75,Company,0,0,1,0,0
03y02pg02,Education,0,0,1,0,0
03y9e9713,Health,0,0,1,0,0
03yag1532,Company,0,0,1,0,0
03ycvrj88,Government,0,0,1,0,0
03yjyed28,Education,0,0,1,0,0
03ym65z81,Government,0,0,1,0,0
03yqdp771,Facility,0,0,1,0,0
03ysbjx45,Health,0,0,1,0,0
03ysemc97,Government,0,0,1,0,0
03ytdtb31,Companies,0,0,1,0,1
03ytm9f32,Health,0,0,1,0,0
03z19e593,Company,0,0,1,0,0
03z1g1222,Company,0,0,1,0,0
03z1ygw19,Facility,0,0,1,0,0
03z5ka349,Health,0,0,1,0,0
03z6hnk02,Government,0,0,1,0,0
03z6vda50,Education,0,0,1,0,0
03zcpvf19,Health,0,0,1,0,0
03zcxha54,Non-Profit,0,0,1,0,0
03zdwsf69,Universities,1,1,1,1,1
03zekj455,Education,0,0,1,0,0
03zh5eq96,Universities,0,0,1,0,1
03zna3e03,Company,0,0,1,0,0
03znz6n75,Company,0,0,1,0,0
03zrqt452,Health,0,0,1,0,0
03ztgj037,Facility,0,0,1,0,0
03zxjdk07,Facility,0,0,1,0,0
03zzvtn22,Health,0,0,1,0,0
0406r4n88,Company,0,0,1,0,0
0408a5x16,Company,0,0,1,0,0
040apef74,Company,0,0,1,0,0
040aqvh16,Other,0,0,1,0,0
040b3ts84,Facility,0,0,1,0,0
040cmp171,Company,0,0,1,0,0
040d1yx23,Company,0,0,1,0,0
040d40q10,Education,0,0,1,0,0
040d99j97,Facility,0,0,1,0,0
040djv263,Facility,0,0,1,0,0
040f4cr30,Health,0,0,1,0,0
040fv5d16,Facility,0,0,1,0,0
040gtvq30,Health,0,0,1,0,0
040mhcr37,Company,0,0,1,0,0
040ppgc54,Company,0,0,1,0,0
040pxfk62,Facility,0,0,1,0,0
040ypnf94,Health,0,0,1,0,0
040z4nv21,Health,0,0,1,0,0
0411b0f77,Government,0,0,1,0,1
0415n4468,Facility,0,0,1,0,0
0415p9s42,Company,0,0,1,0,0
0416m3683,Facility,0,0,1,0,0
041710805,Company,0,0,1,0,0
0417z1990,Health,0,0,1,0,0
041bz9r75,Education,0,0,1,0,0
041fcgy60,Health,0,0,1,0,0
041gnf006,Company,0,0,1,0,0
041h6pr97,Company,0,0,1,0,0
041n30849,Other,0,0,1,0,0
041nas322,Universities,1,1,1,1,1
041ppys11,Company,0,0,1,0,0
041qv0h25,Facility,0,0,1,0,0
041shdj17,Company,0,0,1,0,0
041w2kh96,Education,0,0,1,0,0
041wfjw90,Health,0,0,1,0,0
041y07v98,Health,0,0,1,0,0
0420tmj11,Facility,0,0,1,0,0
0423djy10,Company,0,0,1,0,0
0423jk940,Government,0,0,1,0,0
0424v9690,Company,0,0,1,0,0
0427w5y14,Company,0,0,1,0,0
042a1e381,Health,0,0,1,0,0
042aqky30,Universities,1,1,1,1,1
042b69396,Facility,0,0,1,0,0
042dsac10,Government,0,0,1,0,0
042fpk261,Company,0,0,1,0,0
042g9vq32,Health,0,0,1,0,0
042phe474,Company,0,0,1,0,0
042rb3y95,Company,0,0,1,0,0
042s3g481,Company,0,0,1,0,0
042x1tp92,Non-Profit,0,0,1,0,0
042xxdh20,Education,0,0,1,0,0
042zjqf83,Facility,0,0,1,0,0
042zsvj11,Facility,0,0,1,0,0
0431amh23,Health,0,0,1,0,0
0433e6t24,Universities,0,0,1,0,1
0433rew55,Non-Profit,0,0,1,0,0
0439y7f21,Health,0,0,1,0,0
043bgwc02,Archive,0,0,1,0,0
043bqfp86,Facility,0,0,1,0,0
043f79m81,Company,0,0,1,0,0
043j0f473,Government,0,0,1,0,1
043rrkc78,Company,0,0,1,0,0
043tqah33,Company,0,0,1,0,0
043wc6127,Company,0,0,1,0,0
043yfh051,Health,0,0,1,0,0
043yx1v14,Health,0,0,1,0,0
043z1y058,Company,0,0,1,0,0
0441q2c30,Facility,0,0,1,0,0
0441yn115,Company,0,0,1,0,0
04428zn91,Company,0,0,1,0,0
04445fp84,Non-Profit,0,0,1,0,0
04459n726,Company,0,0,1,0,0
0445d9h15,Facility,0,0,1,0,0
0446n1b44,Health,0,0,1,0,0
0447s2m06,Company,0,0,1,0,0
0448sak71,Government,0,0,1,0,1
0449c4c15,Companies,0,0,1,0,1
044fhy270,Health,0,0,1,0,0
044g3zk14,Government,0,0,1,0,1
044kkbh92,Company,0,0,1,0,0
044qwkx83,Company,0,0,1,0,0
044rf5p19,Education,0,0,1,0,0
044s59k57,Health,0,0,1,0,0
044w5t390,Education,0,0,1,0,0
044wq1q96,Other,0,0,1,0,0
0451dft51,Company,0,0,1,0,0
0451xtz74,Other,0,0,1,0,0
0453arj96,Company,0,0,1,0,0
045495t75,Non-Profit,0,0,1,0,1
0454e9996,Facility,0,0,1,0,0
04565hy55,Facility,0,0,1,0,0
04580fn28,Education,0,0,1,0,0
045axgc25,Government,0,0,1,0,0
045ced850,Company,0,0,1,0,0
045dv2h94,Health,0,0,1,0,0
045eg9c12,Facility,0,0,1,0,0
045f0ws19,Education,0,0,1,0,0
045gdxt02,Education,0,0,1,0,0
045gmmg53,Government,0,0,1,0,0
045gv5c80,Other,0,0,1,0,0
045jad561,Company,0,0,1,0,0
045kvge53,Company,0,0,1,0,0
045pvax67,Health,0,0,1,0,0
045rsk983,Company,0,0,1,0,0
045vwce28,Company,0,0,1,0,0
045xvrw74,Other,0,0,1,0,0
045y6d111,Education,0,0,1,0,0
0462w7z59,Non-Profit,0,0,1,0,0
046575319,Company,0,0,1,0,0
0467ep474,Company,0,0,1,0,0
0467x3v78,Health,0,0,1,0,0
046ak2485,Universities,1,1,1,1,1
046e0mt33,Education,0,0,1,0,0
046gp2614,Other,0,0,1,0,0
046ns5110,Education,0,0,1,0,0
046nzaj59,Facility,0,0,1,0,0
046qe5448,Company,0,0,1,0,0
046ry7m83,Company,0,0,1,0,0
046tk5b58,Company,0,0,1,0,0
046vare28,Health,0,0,1,0,1
046wdn896,Health,0,0,1,0,0
04701b233,Facility,0,0,1,0,0
0470v5z93,Other,0,0,1,0,0
04727qm97,Company,0,0,1,0,0
0473a4773,Universities,0,0,1,0,1
047a06h06,Health,0,0,1,0,0
047cnmy82,Company,0,0,1,0,0
047enxx08,Archive,0,0,1,0,0
047h65335,Education,0,0,1,0,0
047rpw860,Company,0,0,1,0,0
047wbd030,Universities,0,0,1,0,1
047yd6g50,Company,0,0,1,0,0
04830hf15,Health,0,0,1,0,0
04839sh14,Universities,0,0,1,0,1
0483qx226,Archive,0,0,1,0,0
0484fgk51,Company,0,0,1,0,0
04870rh38,Company,0,0,1,0,0
0489gab80,Government,0,0,1,0,1
048amag53,Company,0,0,1,0,0
048d5b075,Facility,0,0,1,0,0
048f4bh03,Facility,0,0,1,0,0
048g8j049,Company,0,0,1,0,0
048gb8814,Education,0,0,1,0,0
048j11q41,Company,0,0,1,0,0
048jgf895,Company,0,0,1,0,0
048jsd987,Company,0,0,1,0,0
048knfw55,Company,0,0,1,0,0
048ks4z66,Funder,0,0,1,0,0
048q66y67,Company,0,0,1,0,0
048rjxx46,Company,0,0,1,0,0
048ss3773,Company,0,0,1,0,0
048tb3g40,Non-Profit,0,0,1,0,0
048vdhs48,Other,0,0,1,0,0
048vzmn57,Facility,0,0,1,0,0
048ycfv73,Health,0,0,1,0,0
048yn7628,Education,0,0,1,0,0
0490dah44,Company,0,0,1,0,0
0492sjc74,Facility,0,0,1,0,0
0493xsw21,Health,0,0,1,0,1
0493yt138,Archive,0,0,1,0,0
0494d5694,Health,0,0,1,0,0
0498q3b31,Company,0,0,1,0,0
04999hq03,Health,0,0,1,0,0
049ag6g97,Company,0,0,1,0,0
049ahjd53,Company,0,0,1,0,0
049fxhe24,Health,0,0,1,0,0
049g3g548,Health,0,0,1,0,0
049gbsq65,Company,0,0,1,0,0
049n8jv26,Health,0,0,1,0,0
049ncrn81,Company,0,0,1,0,0
049rk3218,Facility,0,0,1,0,0
049sttw47,Health,0,0,1,0,0
049waqj15,Facility,0,0,1,0,0
049xawg80,Other,0,0,1,0,0
049xxah85,Non-Profit,0,0,1,0,0
049yqqs33,Non-Profit,0,0,1,0,0
049zt2w56,Other,0,0,1,0,0
04a0gnr15,Company,0,0,1,0,0
04a1a4n63,Health,0,0,1,0,0
04a3akw68,Companies,0,0,1,0,1
04a46sy91,Facility,0,0,1,0,0
04a7f6w43,Facility,0,0,1,0,0
04a7kqd39,Health,0,0,1,0,0
04a8rd767,Facility,0,0,1,0,0
04aj4c181,Archive,0,0,1,0,0
04aqg9s78,Company,0,0,1,0,0
04b12nt82,Company,0,0,1,0,0
04b2dty93,Companies,0,0,1,0,1
04b404920,Education,0,0,1,0,0
04b7azg23,Company,0,0,1,0,0
04b85d432,Health,0,0,1,0,0
04b9vrm74,Universities,0,0,1,0,1
04bc6xb81,Company,0,0,1,0,0
04bc8dn02,Non-Profit,0,0,1,0,0
04bdk6464,Company,0,0,1,0,0
04bdqcb80,Company,0,0,1,0,0
04bhvak10,Non-Profit,0,0,1,0,0
04bjdr366,Facility,0,0,1,0,0
04bkje958,Health,0,0,1,0,0
04bp8ss57,Company,0,0,1,0,0
04bpb0r34,Company,0,0,1,0,0
04bqwzd17,Government,0,0,1,0,0
04bs1pb34,Universities,0,0,1,1,1
04bwf3e34,Government,0,0,1,0,1
04bya8j72,Facility,0,0,1,0,0
04bz45c46,Government,0,0,1,0,0
04c14rw28,Facility,0,0,1,0,0
04c2c2109,Non-Profit,0,0,1,0,0
04c3g7r30,Non-Profit,0,0,1,0,0
04c3mjk87,Health,0,0,1,0,0
04c4bwh63,Facility,0,0,1,0,0
04c7bhp05,Company,0,0,1,0,0
04c7hmv88,Health,0,0,1,0,0
04c7t5k94,Other,0,0,1,0,0
04c9pv832,Health,0,0,1,0,0
04ccqwj03,Company,0,0,1,0,0
04cddv372,Company,0,0,1,0,0
04cdgtt98,Government,0,0,1,0,1
04ckbty56,Facility,0,0,1,0,0
04cm8jr24,Health,0,0,1,0,0
04csgyf07,Facility,0,0,1,0,0
04cvxnb49,Universities,1,1,1,1,1
04cwb1p56,Archive,0,0,1,0,0
04cwrrv92,Facility,0,0,1,0,0
04d3ma894,Company,0,0,1,0,0
04d5k5771,Facility,0,0,1,0,0
04d5zsn45,Education,0,0,1,0,0
04d62a771,Government,0,0,1,0,1
04d77de73,Government,0,0,1,0,1
04d8haw14,Company,0,0,1,0,0
04d92sd36,Government,0,0,1,0,0
04dbahf95,Health,0,0,1,0,0
04dc4tx21,Health,0,0,1,0,0
04dc8es52,Health,0,0,1,0,0
04dc9g452,Health,0,0,1,0,0
04dg4zc02,Health,0,0,1,0,0
04dj4k716,Company,0,0,1,0,0
04dm1cm79,Health,0,0,1,0,1
04dmgcf89,Non-Profit,0,0,1,0,0
04dmvwm54,Education,0,0,1,0,0
04dq56617,Government,0,0,1,0,1
04dqgsa85,Facility,0,0,1,0,0
04dvxx266,Non-Profit,0,0,1,0,0
04e1yzk82,Education,0,0,1,0,0
04e209f39,Education,0,0,1,0,0
04e631388,Other,0,0,1,0,0
04e6s6j73,Company,0,0,1,0,0
04e7zd380,Archive,0,0,1,0,0
04e8jbs38,Universities,0,0,1,0,1
04edeq073,Non-Profit,0,0,1,0,0
04eejsy70,Education,0,0,1,0,0
04ehrwx42,Health,0,0,1,0,0
04ejkkg63,Non-Profit,0,0,1,0,0
04ejvay74,Health,0,0,1,0,0
04ek3zb20,Health,0,0,1,0,0
04eka8j06,Education,0,0,1,0,0
04enecq37,Health,0,0,1,0,0
04enhpe73,Facility,0,0,1,0,0
04ers2y35,Universities,1,1,1,1,1
04ews3245,Government,0,0,1,0,1
04excst21,Company,0,0,1,0,0
04f2wf871,Facility,0,0,1,0,0
04f3qs775,Company,0,0,1,0,0
04f7jc139,Education,0,0,1,0,0
04f8x5b20,Education,0,0,1,0,0
04facpy29,Government,0,0,1,0,0
04farme71,Facility,0,0,1,0,0
04fbd2g40,Company,0,0,1,0,0
04fdat027,Education,0,0,1,0,0
04fe46645,Health,0,0,1,0,1
04fhwda97,Facility,0,0,1,0,0
04fjdwh53,Health,0,0,1,0,0
04fjkje50,Company,0,0,1,0,0
04fjkxc67,Health,0,0,1,0,1
04fme8709,Government,0,0,1,0,1
04fq9j139,Government,0,0,1,0,1
04fr6kc62,Health,0,0,1,0,0
04ftsv531,Facility,0,0,1,0,0
04fwrmd76,Non-Profit,0,0,1,0,0
04fx38p98,Facility,0,0,1,0,0
04g007714,Company,0,0,1,0,0
04g046t84,Company,0,0,1,0,0
04g3rsw26,Company,0,0,1,0,0
04g5gcg95,Education,0,0,1,0,0
04g8dha87,Company,0,0,1,0,0
04g99jx54,Education,0,0,1,0,0
04gcecg21,Company,0,0,1,0,0
04gg60e72,Universities,0,0,1,0,1
04gh6x779,Health,0,0,1,0,0
04gj3vw69,Health,0,0,1,0,0
04gmdfj30,Company,0,0,1,0,0
04gmsar03,Facility,0,0,1,0,0
04gp0yb49,Facility,0,0,1,0,0
04gpj3340,Health,0,0,1,0,0
04gtryb63,Company,0,0,1,0,0
04gw0z407,Non-Profit,0,0,1,0,0
04gx8zb05,Facility,0,0,1,0,0
04gxk9y84,Other,0,0,1,0,0
04h03k610,Company,0,0,1,0,0
04h54m622,Health,0,0,1,0,0
04h616z85,Health,0,0,1,0,0
04h9w5w52,Company,0,0,1,0,0
04hayh169,Company,0,0,1,0,0
04hazks31,Education,0,0,1,0,0
04hbw4m86,Facility,0,0,1,0,0
04hbwba26,Health,0,0,1,0,1
04hd04g86,Health,0,0,1,0,0
04hjayk14,Company,0,0,1,0,0
04hm8eb66,Facility,0,0,1,0,0
04hmn8g73,Companies,0,0,1,0,1
04hp0zc29,Facility,0,0,1,0,0
04hqtn844,Government,0,0,1,0,0
04hsa7a08,Education,0,0,1,0,0
04htqgq60,Company,0,0,1,0,0
04j1sr579,Education,0,0,1,0,0
04j24r737,Company,0,0,1,0,0
04j2tkk21,Non-Profit,0,0,1,0,0
04j351e79,Education,0,0,1,0,0
04j5xmb13,Company,0,0,1,0,0
04j6cwd10,Company,0,0,1,0,0
04j6d9v78,Facility,0,0,1,0,0
04j80nh06,Company,0,0,1,0,0
04j9bvy88,Health,0,0,1,0,1
04janzm11,Non-Profit,0,0,1,0,0
04jc43x05,Health,0,0,1,0,1
04jhrwr82,Health,0,0,1,0,0
04jm9wm67,Facility,0,0,1,0,0
04jmqe852,Health,0,0,1,0,0
04jntfm70,Non-Profit,0,0,1,0,0
04jpkas74,Health,0,0,1,0,0
04jvemc39,Government,0,0,1,0,1
04jw21793,Funder,0,0,1,0,0
04jy0t377,Company,0,0,1,0,0
04k4vsv28,Health,0,0,1,0,0
04k59vn11,Company,0,0,1,0,0
04kark913,Company,0,0,1,0,0
04kbxxk13,Non-Profit,0,0,1,0,0
04kcn2w48,Company,0,0,1,0,0
04kdb0j04,Government,0,0,1,0,0
04kdh6x72,Government,0,0,1,0,1
04kej9b21,Company,0,0,1,0,0
04kfnx806,Company,0,0,1,0,0
04kmayk86,Company,0,0,1,0,0
04kmxp840,Company,0,0,1,0,0
04kn1yz10,Health,0,0,1,0,0
04kt7f841,Health,0,0,1,0,0
04ktat366,Government,0,0,1,0,0
04kthgc59,Facility,0,0,1,0,0
04kvtp152,Company,0,0,1,0,0
04kwq4x05,Company,0,0,1,0,0
04ky74j22,Facility,0,0,1,0,0
04kzfg204,Education,0,0,1,0,0
04m2anh63,Universities,0,0,1,0,1
04m54m956,Health,0,0,1,0,1
04max0939,Company,0,0,1,0,0
04mj3zw98,Health,0,0,1,0,0
04mqxq306,Company,0,0,1,0,0
04ms51788,Education,0,0,1,0,0
04msbx814,Education,0,0,1,0,0
04msz5x82,Non-Profit,0,0,1,0,0
04mv7q109,Company,0,0,1,0,0
04mz5ra38,Universities,1,1,1,1,1
04n0rde95,Health,0,0,1,0,0
04n3b1453,Company,0,0,1,0,0
04n6dab73,Company,0,0,1,0,0
04n9aye53,Government,0,0,1,0,0
04nadpw56,Company,0,0,1,0,0
04nbz6d36,Education,0,0,1,0,0
04nc32781,Facility,0,0,1,0,0
04ncnj403,Health,0,0,1,0,0
04nkken68,Education,0,0,1,0,0
04nkkrh90,Health,0,0,1,0,1
04nqf3887,Health,0,0,1,0,0
04nvba109,Company,0,0,1,0,0
04nxj7050,Company,0,0,1,0,0
04p0ywm72,Other,0,0,1,0,0
04p3kfc87,Company,0,0,1,0,0
04p43ja26,Company,0,0,1,0,0
04p5ggc03,Government,0,0,1,0,1
04p61dj41,Education,0,0,1,0,0
04p7ekn23,Education,0,0,1,0,0
04p94z953,Health,0,0,1,0,0
04pa5pz64,Health,0,0,1,0,0
04pb97k73,Company,0,0,1,0,0
04pc85e11,Company,0,0,1,0,0
04pnnsh51,Company,0,0,1,0,0
04pphg116,Company,0,0,1,0,0
04pq7rm89,Company,0,0,1,0,0
04pqjcz08,Company,0,0,1,0,0
04pse2556,Health,0,0,1,0,0
04psvb108,Health,0,0,1,0,0
04pvpzj22,Company,0,0,1,0,0
04py35477,Government,0,0,1,0,1
04pz7b180,Funder,0,0,1,0,0
04q550429,Other,0,0,1,0,0
04q5rka56,Facility,0,0,1,0,0
04q5vv384,Education,0,0,1,0,0
04qa46285,Health,0,0,1,0,0
04qae1p49,Company,0,0,1,0,0
04qb8nc58,Universities,0,0,1,0,1
04qbqv677,Education,0,0,1,0,0
04qchsx62,Facility,0,0,1,0,0
04qfaak15,Facility,0,0,1,0,0
04qfbfc73,Education,0,0,1,0,0
04qj1gz53,Health,0,0,1,0,0
04qj3gf68,Education,0,0,1,0,0
04qmmjx98,Universities,0,0,1,0,1
04qq88z54,Facility,0,0,1,0,0
04qqnyh49,Archive,0,0,1,0,0
04qs1qk86,Non-Profit,0,0,1,0,0
04qva2v49,Health,0,0,1,0,0
04qw0nt96,Company,0,0,1,0,0
04r0k9g65,Company,0,0,1,0,0
04r1f5z39,Health,0,0,1,0,0
04r6h9t04,Company,0,0,1,0,0
04r7vw960,Facility,0,0,1,0,0
04rbcv404,Other,0,0,1,0,0
04rekk491,Archive,0,0,1,0,0
04rhq3086,Facility,0,0,1,0,0
04rmmk750,Company,0,0,1,0,0
04rn6m357,Health,0,0,1,0,0
04rnfrn04,Education,0,0,1,0,0
04rr26086,Health,0,0,1,0,0
04rtn5y32,Facility,0,0,1,0,0
04rtnbn65,Company,0,0,1,0,0
04s11ea33,Facility,0,0,1,0,0
04s298h25,Company,0,0,1,0,0
04s366p63,Health,0,0,1,0,0
04s3ast04,Health,0,0,1,0,0
04s786x31,Company,0,0,1,0,0
04s7shc55,Non-Profit,0,0,1,0,0
04s99xz91,Facility,0,0,1,0,0
04satts25,Other,0,0,1,0,0
04scst564,Non-Profit,0,0,1,0,0
04sk0bj73,Company,0,0,1,0,0
04sms9203,Education,0,0,1,0,0
04sn8qj61,Education,0,0,1,0,0
04sy7nb49,Facility,0,0,1,0,0
04sz26p89,Non-Profit,0,0,1,0,0
04t3en479,Universities,1,1,1,1,1
04t5phd24,Education,0,0,1,0,0
04tcsrf14,Health,0,0,1,0,0
04tenkb98,Education,0,0,1,0,0
04tf09b52,Health,0,0,1,0,0
04thm3d12,Health,0,0,1,0,0
04tjfqn96,Other,0,0,1,0,0
04tkkr536,Universities,0,0,1,0,1
04tmban63,Facility,0,0,1,0,0
04tpvzp22,Non-Profit,0,0,1,0,0
04tqgg260,Education,0,0,1,0,0
04tshyq54,Facility,0,0,1,0,0
04tsk2644,Universities,1,1,1,1,1
04tsv5127,Health,0,0,1,0,0
04ttg5411,Company,0,0,1,0,0
04ttja383,Non-Profit,0,0,1,0,0
04ttxs071,Archive,0,0,1,0,0
04tzr7454,Health,0,0,1,0,0
04v0v0306,Non-Profit,0,0,1,0,0
04v3pva14,Company,0,0,1,0,0
04v71zy84,Company,0,0,1,0,0
04v76ef78,Universities,1,1,1,1,1
04v9hjm42,Non-Profit,0,0,1,0,0
04vb0yp97,Company,0,0,1,0,0
04vbenz24,Non-Profit,0,0,1,0,0
04vdm6x24,Government,0,0,1,0,0
04vh1tq58,Non-Profit,0,0,1,0,0
04vjfp916,Education,0,0,1,0,0
04vnq7t77,Universities,1,1,1,1,1
04vpsen23,Education,0,0,1,0,0
04vq9c111,Education,0,0,1,0,0
04vx4mk32,Facility,0,0,1,0,0
04w19j463,Non-Profit,0,0,1,0,0
04w23p232,Education,0,0,1,0,0
04w49ae90,Education,0,0,1,0,0
04w4jta18,Health,0,0,1,0,0
04w9ddv64,Health,0,0,1,0,0
04wb1en98,Education,0,0,1,0,0
04wdt0z89,Education,0,0,1,0,0
04wekvh85,Company,0,0,1,0,0
04wfr2810,Government,0,0,1,0,1
04wg18j80,Health,0,0,1,0,0
04whsde46,Health,0,0,1,0,0
04wkp4f46,Health,0,0,1,0,0
04wm69k66,Other,0,0,1,0,0
04wn6w972,Non-Profit,0,0,1,0,0
04wrg1d30,Facility,0,0,1,0,0
04wtxqn67,Archive,0,0,1,0,0
04wwmh526,Facility,0,0,1,0,0
04wwp6r22,Health,0,0,1,0,0
04wxnsj81,Non-Profit,0,0,1,0,0
04wy4bt38,Government,0,0,1,0,0
04x02q560,Education,0,0,1,0,0
04x0f8p22,Company,0,0,1,0,0
04x45f476,Government,0,0,1,0,1
04x4b2j19,Company,0,0,1,0,0
04x6e9478,Non-Profit,0,0,1,0,0
04x747113,Health,0,0,1,0,0
04x8czz63,Company,0,0,1,0,0
04xbrv698,Facility,0,0,1,0,0
04xchw238,Other,0,0,1,0,0
04xcr2824,Health,0,0,1,0,0
04xfq0f34,Universities,1,1,1,1,1
04xmnzw38,Facility,0,0,1,0,0
04xmxqq10,Company,0,0,1,0,0
04xnj7444,Company,0,0,1,0,0
04xpcky34,Company,0,0,1,0,0
04xqmb911,Facility,0,0,1,0,0
04xrarz80,Company,0,0,1,0,0
04xrcta15,Government,0,0,1,0,1
04xsjvn35,Education,0,0,1,0,0
04xx1tc24,Government,0,0,1,0,1
04y18m106,Health,0,0,1,0,0
04y3tyb88,Facility,0,0,1,0,0
04y5tkt43,Health,0,0,1,0,0
04y7h3604,Funder,0,0,1,0,0
04y8p0f91,Facility,0,0,1,0,0
04y9zrf69,Health,0,0,1,0,0
04yeh2x21,Non-Profit,0,0,1,0,0
04yx65w97,Health,0,0,1,0,0
04z03cz64,Education,0,0,1,0,0
04z7k0065,Company,0,0,1,0,0
04z8jg394,Government,0,0,1,0,1
04z8wqp73,Company,0,0,1,0,0
04za5zm41,Health,0,0,1,0,1
04zb59n70,Government,0,0,1,0,1
04zc7p361,Universities,1,1,1,0,1
04zdqq152,Facility,0,0,1,0,0
04zf2bt80,Health,0,0,1,0,0
04zj3zq12,Health,0,0,1,0,0
04zpjj182,Health,0,0,1,0,0
04zrf7b53,Education,0,0,1,0,0
04zrfss29,Company,0,0,1,0,0
04zys7342,Health,0,0,1,0,0
04zzwzx41,Other,0,0,1,0,0
0501yf769,Health,0,0,1,0,0
050208923,Health,0,0,1,0,0
0504sy495,Company,0,0,1,0,0
050589e39,Government,0,0,1,0,0
05067ar32,Non-Profit,0,0,1,0,0
0507xbc51,Company,0,0,1,0,0
05090cn78,Health,0,0,1,0,0
050asrz41,Other,0,0,1,0,0
050k26q88,Company,0,0,1,0,0
050mbz718,Facility,0,0,1,0,0
050pcsr04,Health,0,0,1,0,0
050phcn63,Health,0,0,1,0,0
050pmr719,Other,0,0,1,0,0
050rfr085,Government,0,0,1,0,0
050tq6t62,Non-Profit,0,0,1,0,0
050v4jr11,Other,0,0,1,0,0
050y6sw38,Non-Profit,0,0,1,0,0
0515m2n86,Facility,0,0,1,0,0
0515r0e39,Health,0,0,1,0,0
051nfce45,Health,0,0,1,0,0
051nxfa23,Health,0,0,1,0,0
051qw9f78,Education,0,0,1,0,0
051rc7j94,Education,0,0,1,0,0
051tn6h07,Company,0,0,1,0,0
051yxp643,Government,0,0,1,0,1
051zgzc60,Non-Profit,0,0,1,0,0
0521ccd18,Company,0,0,1,0,0
0522eh277,Government,0,0,1,0,0
05256tw11,Education,0,0,1,0,0
0525ff954,Company,0,0,1,0,0
0525gz420,Facility,0,0,1,0,0
0525jdx88,Health,0,0,1,0,0
0526cz443,Company,0,0,1,0,0
0526xz308,Health,0,0,1,0,0
0529ecj14,Company,0,0,1,0,0
052azjr18,Non-Profit,0,0,1,0,0
052d0h423,Government,0,0,1,0,1
052d1a351,Non-Profit,0,0,1,0,1
052gzq419,Education,0,0,1,0,0
052krvf25,Health,0,0,1,0,0
052q5nf15,Archive,0,0,1,0,0
052qdba82,Other,0,0,1,0,0
052rnf523,Facility,0,0,1,0,0
052s9kd61,Company,0,0,1,0,0
052tt7c68,Facility,0,0,1,0,0
052z6qn75,Company,0,0,1,0,0
0530gbs37,Education,0,0,1,0,0
0534re684,Government,0,0,1,0,1
05350h943,Facility,0,0,1,0,0
053cvy840,Company,0,0,1,0,0
053d55q96,Company,0,0,1,0,0
053darw66,Health,0,0,1,0,0
053e6g844,Company,0,0,1,0,0
053k58g56,Health,0,0,1,0,0
053veeq82,Facility,0,0,1,0,0
053z9ab73,Health,0,0,1,0,0
053zny898,Health,0,0,1,0,0
0541jr710,Government,0,0,1,0,0
054224v54,Health,0,0,1,0,0
0546hnb39,Universities,1,1,1,1,1
0547yav62,Company,0,0,1,0,0
054b5mv70,Company,0,0,1,0,0
054c9y537,Government,0,0,1,0,0
054ey2125,Health,0,0,1,0,0
054fev274,Health,0,0,1,0,0
054gdnq27,Health,0,0,1,0,1
054nv0q45,Company,0,0,1,0,0
054q96n74,Company,0,0,1,0,0
054rttv92,Non-Profit,0,0,1,0,0
054vdfx15,Company,0,0,1,0,0
054vkyc79,Health,0,0,1,0,0
054x53k79,Company,0,0,1,0,0
054zhq066,Facility,0,0,1,0,0
054zwas39,Facility,0,0,1,0,0
054zxwt86,Health,0,0,1,0,0
0551mkt91,Health,0,0,1,0,0
05539he75,Company,0,0,1,0,0
0554hqk85,Company,0,0,1,0,0
05558nw16,Government,0,0,1,0,1
05591te55,Universities,1,1,1,1,1
055bwqk39,Company,0,0,1,0,0
055g2sd79,Non-Profit,0,0,1,0,0
055jf3p69,Facility,0,0,1,0,0
055jqqn57,Company,0,0,1,0,0
055kr0e44,Company,0,0,1,0,0
055kyaa64,Health,0,0,1,0,0
055m95h02,Facility,0,0,1,0,0
055pgv213,Facility,0,0,1,0,0
055ppaf52,Company,0,0,1,0,0
055rn2a38,Company,0,0,1,0,0
055s1wn27,Education,0,0,1,0,0
055s37c97,Government,0,0,1,0,1
055tk9p53,Health,0,0,1,0,0
055txj157,Company,0,0,1,0,0
055w00q26,Health,0,0,1,0,0
055x1zb82,Company,0,0,1,0,0
055z45c63,Health,0,0,1,0,0
0560e8961,Education,0,0,1,0,0
0563dqj82,Company,0,0,1,0,0
056agx034,Health,0,0,1,0,0
056cezx90,Education,0,0,1,0,0
056efxn58,Health,0,0,1,0,0
056g65q42,Non-Profit,0,0,1,0,0
056gvz809,Health,0,0,1,0,0
056ha9e61,Health,0,0,1,0,0
056j0ka11,Company,0,0,1,0,0
056ja1h98,Government,0,0,1,0,0
056m9zn95,Non-Profit,0,0,1,0,0
056qj1t15,Facility,0,0,1,0,0
056tzgr32,Education,0,0,1,0,0
056xvq727,Government,0,0,1,0,0
056y4sn81,Health,0,0,1,0,0
056z5bx32,Education,0,0,1,0,0
0572qa274,Company,0,0,1,0,0
0573xqd09,Company,0,0,1,0,0
05745n787,Archive,0,0,1,0,0
0574d2g06,Company,0,0,1,0,0
057qv9h29,Education,0,0,1,0,0
057schw20,Health,0,0,1,0,0
057v40812,Other,0,0,1,0,0
057vybt25,Company,0,0,1,0,0
05831r008,Facility,0,0,1,0,0
0584kkb18,Non-Profit,0,0,1,0,0
0586wsk08,Company,0,0,1,0,0
05874db82,Education,0,0,1,0,0
058agte50,Company,0,0,1,0,0
058ddgs73,Education,0,0,1,0,0
058f8dm33,Company,0,0,1,0,0
058kjq542,Facility,0,0,1,0,0
058kzsd48,Universities,1,1,1,0,1
058n6ep94,Health,0,0,1,0,0
058rn5r42,Universities,0,0,1,0,1
058xzat49,Facility,0,0,1,0,0
0590c4t82,Facility,0,0,1,0,0
0593dvd47,Non-Profit,0,0,1,0,0
059dyrr28,Facility,0,0,1,0,0
059h63k52,Company,0,0,1,0,0
059jfth35,Health,0,0,1,0,1
059k3xc14,Other,0,0,1,0,0
059m1v232,Facility,0,0,1,0,0
059mq0909,Companies,0,0,1,0,1
059ne2r23,Facility,0,0,1,0,0
059vymd37,Universities,0,0,1,0,1
059wtn003,Non-Profit,0,0,1,0,0
05a260x64,Non-Profit,0,0,1,0,0
05a92a023,Facility,0,0,1,0,0
05aar4096,Health,0,0,1,0,0
05ab5m237,Company,0,0,1,0,0
05aem0d44,Health,0,0,1,0,0
05afmgm93,Company,0,0,1,0,0
05agddf32,Health,0,0,1,0,0
05am1q986,Health,0,0,1,0,0
05am9gt90,Company,0,0,1,0,0
05aw6p704,Health,0,0,1,0,0
05awecr05,Company,0,0,1,0,0
05aydvg23,Other,0,0,1,0,0
05aykvr94,Health,0,0,1,0,0
05b170984,Facility,0,0,1,0,0
05b1dm808,Company,0,0,1,0,0
05b2t8s27,Archive,0,0,1,0,0
05b38ps04,Education,0,0,1,0,0
05b3fmb74,Company,0,0,1,0,0
05b75xp43,Company,0,0,1,0,0
05b8d3w18,Government,0,0,1,0,1
05b9xma73,Other,0,0,1,0,0
05bdw2t94,Company,0,0,1,0,0
05bnan144,Non-Profit,0,0,1,0,0
05bqd9t64,Company,0,0,1,0,0
05btveq09,Health,0,0,1,0,0
05bv91d86,Education,0,0,1,0,0
05bvps080,Facility,0,0,1,0,0
05bvzth27,Facility,0,0,1,0,0
05bx21r34,Non-Profit,0,0,1,0,0
05c06xk76,Health,0,0,1,0,0
05c11k793,Education,0,0,1,0,0
05c1tqh91,Archive,0,0,1,0,0
05cbe5r14,Health,0,0,1,0,0
05cc53v60,Health,0,0,1,0,0
05ce10k61,Health,0,0,1,0,0
05cfb4981,Company,0,0,1,0,0
05ch34p88,Health,0,0,1,0,0
05cj29x94,Government,0,0,1,0,1
05cvd1d02,Company,0,0,1,0,0
05cx80085,Company,0,0,1,0,0
05d1vf827,Health,0,0,1,0,0
05d6n5j65,Company,0,0,1,0,0
05d854h51,Facility,0,0,1,0,0
05d89kr76,Health,0,0,1,0,0
05daj2k82,Company,0,0,1,0,0
05dbapj97,Company,0,0,1,0,0
05dfnrn76,Facility,0,0,1,0,0
05dfxpw18,Company,0,0,1,0,0
05dh8ar36,Company,0,0,1,0,0
05dkqa017,Education,0,0,1,0,0
05dna8580,Non-Profit,0,0,1,0,0
05drfac92,Facility,0,0,1,0,0
05dsfb086,Facility,0,0,1,0,0
05dx5b564,Health,0,0,1,0,0
05dyfnr03,Health,0,0,1,0,0
05e0gzh77,Company,0,0,1,0,0
05e30np90,Facility,0,0,1,0,0
05e5kd476,Education,0,0,1,0,0
05ec38531,Company,0,0,1,0,0
05ed09684,Facility,0,0,1,0,0
05egrn753,Facility,0,0,1,0,0
05ehdmg18,Facility,0,0,1,0,0
05ejpyv46,Company,0,0,1,0,0
05emabm63,Health,0,0,1,0,1
05esem239,Government,0,0,1,0,1
05ewdps05,Government,0,0,1,0,1
05ex5vz81,Funder,0,0,1,0,0
05ey71f27,Government,0,0,1,0,0
05ey8y327,Company,0,0,1,0,0
05eyxqf74,Education,0,0,1,0,0
05f0cz467,Health,0,0,1,0,0
05f12dd47,Company,0,0,1,0,0
05f28cg89,Company,0,0,1,0,0
05f8ejd38,Health,0,0,1,0,0
05f8we715,Archive,0,0,1,0,0
05fdgz909,Health,0,0,1,0,0
05fe3fx56,Health,0,0,1,0,0
05fea9w83,Facility,0,0,1,0,0
05fj6by70,Non-Profit,0,0,1,0,0
05frkc804,Facility,0,0,1,0,0
05fsqxg82,Company,0,0,1,0,0
05fw3y429,Health,0,0,1,0,0
05fyj0w30,Non-Profit,0,0,1,0,0
05fzfv584,Facility,0,0,1,0,0
05g7t5c49,Company,0,0,1,0,0
05g8v8t96,Company,0,0,1,0,0
05g95eg64,Facility,0,0,1,0,0
05gag8m64,Health,0,0,1,0,0
05gapbz32,Health,0,0,1,0,0
05gde4s46,Company,0,0,1,0,0
05gedqb32,Company,0,0,1,0,0
05gg5zh68,Company,0,0,1,0,0
05gja4j15,Company,0,0,1,0,0
05gmpv778,Company,0,0,1,0,0
05gnv4a66,Facility,0,0,1,0,0
05gqaka33,Universities,1,1,1,1,1
05gqsqy69,Facility,0,0,1,0,0
05gt5r361,Health,0,0,1,0,0
05gttbr75,Facility,0,0,1,0,0
05gtwra97,Health,0,0,1,0,0
05gv0a532,Company,0,0,1,0,0
05gxyna29,Education,0,0,1,0,0
05h1ag309,Health,0,0,1,0,0
05h6av881,Company,0,0,1,0,0
05h8dpx23,Company,0,0,1,0,0
05h8wjh50,Government,0,0,1,0,1
05hgh1g19,Health,0,0,1,0,1
05hjs5k87,Company,0,0,1,0,0
05hkkdn48,Government,0,0,1,0,1
05hkycn11,Archive,0,0,1,0,0
05hnk1p44,Health,0,0,1,0,0
05hp2t033,Company,0,0,1,0,0
05hrn3e05,Facility,0,0,1,0,0
05hxss661,Company,0,0,1,0,0
05hy0av13,Company,0,0,1,0,0
05j1w2b44,Health,0,0,1,0,0
05j8qnr48,Government,0,0,1,0,0
05jdrrw50,Non-Profit,0,0,1,0,0
05jeza980,Company,0,0,1,0,0
05jfz9645,Health,0,0,1,0,0
05jgq9443,Education,0,0,1,0,0
05jgtkc28,Company,0,0,1,0,0
05jrjgd04,Non-Profit,0,0,1,0,0
05jv51744,Company,0,0,1,0,0
05jv9s411,Archive,0,0,1,0,0
05jw2mx52,Health,0,0,1,0,0
05jye0b93,Non-Profit,0,0,1,0,0
05jyz4092,Archive,0,0,1,0,0
05k17x772,Education,0,0,1,0,0
05k2sh226,Education,0,0,1,0,0
05k35b119,Non-Profit,0,0,1,0,1
05k5t2r42,Health,0,0,1,0,0
05k8q2h32,Non-Profit,0,0,1,0,0
05k9vmz93,Education,0,0,1,0,0
05kcrhm92,Company,0,0,1,0,0
05kcy9z49,Company,0,0,1,0,0
05kd99h55,Company,0,0,1,0,0
05ke5hb07,Facility,0,0,1,0,0
05kemy048,Other,0,0,1,0,0
05kkv3f82,Universities,0,0,1,0,1
05kmgyb17,Company,0,0,1,0,0
05krxy197,Facility,0,0,1,0,0
05ktaz183,Company,0,0,1,0,0
05ktfmr66,Health,0,0,1,0,0
05kvypp26,Health,0,0,1,0,0
05kw00716,Non-Profit,0,0,1,0,0
05kxtq558,Non-Profit,0,0,1,0,1
05m0ggf57,Education,0,0,1,0,0
05m3vpd98,Universities,0,0,1,0,1
05medrv10,Health,0,0,1,0,0
05mgwem27,Archive,0,0,1,0,0
05mhxe367,Archive,0,0,1,0,0
05mjrzy91,Facility,0,0,1,0,0
05mk46e13,Other,0,0,1,0,0
05mknav37,Non-Profit,0,0,1,0,0
05mmb8j87,Health,0,0,1,0,0
05mmp2p33,Company,0,0,1,0,0
05msnze33,Health,0,0,1,0,0
05mt2wq31,Health,0,0,1,0,0
05mxhda18,Health,0,0,1,0,1
05myv7q56,Education,0,0,1,0,0
05n0xah55,Health,0,0,1,0,0
05n16wx34,Facility,0,0,1,0,0
05n1ym881,Health,0,0,1,0,0
05n43x964,Facility,0,0,1,0,0
05n6b2q68,Company,0,0,1,0,0
05n6np283,Company,0,0,1,0,0
05n8xke20,Non-Profit,0,0,1,0,0
05n911h24,Universities,1,1,1,1,1
05nc65f65,Company,0,0,1,0,0
05ncexg51,Other,0,0,1,0,0
05ne9z340,Company,0,0,1,0,0
05nh5td39,Company,0,0,1,0,0
05nhtke22,Health,0,0,1,0,0
05nn0gw40,Government,0,0,1,0,1
05nqms590,Company,0,0,1,0,0
05nt5a548,Company,0,0,1,0,0
05nyenj39,Health,0,0,1,0,0
05nywn832,Government,0,0,1,0,1
05nz79105,Company,0,0,1,0,0
05p0jfk72,Company,0,0,1,0,0
05p1sde72,Health,0,0,1,0,0
05p48mp61,Other,0,0,1,0,0
05pd10v94,Other,0,0,1,0,0
05pef1484,Health,0,0,1,0,0
05pkc2853,Company,0,0,1,0,0
05pkeac16,Company,0,0,1,0,0
05pmq5w14,Other,0,0,1,0,0
05ptp9d64,Facility,0,0,1,0,0
05px6z163,Funder,0,0,1,0,0
05q3h1130,Company,0,0,1,0,0
05q4r1796,Health,0,0,1,0,0
05q5pk319,Education,0,0,1,0,0
05q7twd40,Health,0,0,1,0,0
05qc7pm63,Company,0,0,1,0,0
05qjv1f51,Company,0,0,1,0,0
05qkjwz87,Health,0,0,1,0,0
05qp89973,Company,0,0,1,0,0
05qpz1x62,Universities,1,1,1,1,1
05qtv1p74,Other,0,0,1,0,0
05qz2jt34,Health,0,0,1,0,0
05r2e4v78,Health,0,0,1,0,0
05r3f7h03,Government,0,0,1,0,1
05r5a5c61,Non-Profit,0,0,1,0,0
05r7n9c40,Government,0,0,1,0,1
05r7wgd74,Company,0,0,1,0,0
05rnzt975,Facility,0,0,1,0,0
05rpr6785,Funder,0,0,1,0,0
05rrnfe85,Government,0,0,1,0,0
05rtjbe93,Health,0,0,1,0,0
05rw01c09,Facility,0,0,1,0,0
05rwdv390,Health,0,0,1,0,0
05s18kz11,Health,0,0,1,0,0
05s5xvk70,Facility,0,0,1,0,0
05s7heg81,Non-Profit,0,0,1,0,0
05sa17k06,Company,0,0,1,0,0
05san5604,Company,0,0,1,0,0
05sc3sf14,Facility,0,0,1,0,0
05scpew87,Health,0,0,1,0,0
05sh9vm75,Company,0,0,1,0,0
05sngcy82,Company,0,0,1,0,0
05sqrfr79,Facility,0,0,1,0,0
05sw1mq09,Facility,0,0,1,0,0
05sw6n724,Company,0,0,1,0,0
05sxbyd35,Health,0,0,1,0,1
05t0e1a79,Company,0,0,1,0,0
05t259f86,Government,0,0,1,0,0
05tbc9841,Education,0,0,1,0,0
05tbp1g38,Universities,0,0,1,0,1
05th1v540,Facility,0,0,1,0,0
05tma9m39,Other,0,0,1,0,0
05tn39y33,Education,0,0,1,0,0
05tpsgh61,Facility,0,0,1,0,0
05tq5rp50,Company,0,0,1,0,0
05ttsqg93,Company,0,0,1,0,0
05tvfb833,Facility,0,0,1,0,0
05txbz736,Company,0,0,1,0,0
05txczf44,Facility,0,0,1,0,0
05tyzry72,Health,0,0,1,0,0
05v0k1d18,Non-Profit,0,0,1,0,0
05v7khc27,Company,0,0,1,0,0
05vcgwf09,Company,0,0,1,0,0
05ver4491,Non-Profit,0,0,1,0,0
05vgm9d49,Company,0,0,1,0,0
05vmv8m79,Non-Profit,0,0,1,0,1
05vp4ka74,Government,0,0,1,0,0
05vs9tj88,Companies,0,0,1,0,1
05vt21141,Company,0,0,1,0,0
05vv53n36,Company,0,0,1,0,0
05vv9dr68,Health,0,0,1,0,0
05vxxvp60,Company,0,0,1,0,0
05w0gx844,Health,0,0,1,0,0
05w1kdn42,Health,0,0,1,0,0
05w362f32,Company,0,0,1,0,0
05w6fhk97,Education,0,0,1,0,0
05wbxb284,Other,0,0,1,0,0
05wctbc12,Facility,0,0,1,0,0
05wk4ae67,Company,0,0,1,0,0
05wnef833,Government,0,0,1,0,0
05wsbcr05,Health,0,0,1,0,0
05wstmm20,Company,0,0,1,0,0
05wwp6197,Health,0,0,1,0,0
05wx3dm75,Health,0,0,1,0,0
05wxywg93,Facility,0,0,1,0,0
05x75gh12,Archive,0,0,1,0,0
05x8b4491,Facility,0,0,1,0,0
05xdczy51,Government,0,0,1,0,1
05xj12p61,Other,0,0,1,0,0
05xp9bk66,Facility,0,0,1,0,0
05xpqbj32,Company,0,0,1,0,0
05xptf671,Facility,0,0,1,0,0
05xr55z04,Company,0,0,1,0,0
05xte2s27,Facility,0,0,1,0,0
05xtrfa17,Company,0,0,1,0,0
05xwakr27,Company,0,0,1,0,0
05xy1nn52,Education,0,0,1,0,0
05xyjr468,Health,0,0,1,0,0
05xyrf554,Other,0,0,1,0,0
05y6s9s64,Non-Profit,0,0,1,0,0
05y895e77,Government,0,0,1,0,0
05ydfbx15,Health,0,0,1,0,0
05ydjnb78,Universities,0,0,1,0,1
05ye48k35,Company,0,0,1,0,0
05yeg2858,Company,0,0,1,0,0
05ygfpx91,Education,0,0,1,0,0
05ygse102,Company,0,0,1,0,0
05yh2yz22,Health,0,0,1,0,0
05yk1x869,Health,0,0,1,0,0
05ym69k36,Facility,0,0,1,0,0
05ynxbz16,Company,0,0,1,0,0
